,Step,Susceptible,Infected,Recovered,Encounters
0,1,999,1,0,0
1,2,999,1,0,0
2,3,999,1,0,0
3,4,999,0,1,0
0,1,999,1,0,0
1,2,999,1,0,0
2,3,999,1,0,0
3,4,999,1,0,0
4,5,999,1,0,0
5,6,999,0,1,0
0,1,999,1,0,0
1,2,999,1,0,0
2,3,999,1,0,0
3,4,999,0,1,0
0,1,999,1,0,0
1,2,999,1,0,0
2,3,999,1,0,0
3,4,999,0,1,0
0,1,999,1,0,0
1,2,999,1,0,0
2,3,999,1,0,0
3,4,999,1,0,0
4,5,999,0,1,0
0,1,999,1,0,0
1,2,999,1,0,0
2,3,999,1,0,0
3,4,999,1,0,0
4,5,999,1,0,0
5,6,999,1,0,0
6,7,999,0,1,0
0,1,999,1,0,0
1,2,999,1,0,0
2,3,999,1,0,0
3,4,999,1,0,0
4,5,999,1,0,0
5,6,999,1,0,0
6,7,999,1,0,0
7,8,999,1,0,0
8,9,999,1,0,0
9,10,999,0,1,0
0,1,999,1,0,0
1,2,999,1,0,0
2,3,999,1,0,0
3,4,999,1,0,0
4,5,999,1,0,0
5,6,999,1,0,0
6,7,999,1,0,0
7,8,999,0,1,0
0,1,999,1,0,0
1,2,999,1,0,0
2,3,999,1,0,0
3,4,999,1,0,0
4,5,999,0,1,0
0,1,999,1,0,0
1,2,999,1,0,0
2,3,999,1,0,0
3,4,999,1,0,0
4,5,999,0,1,0
0,1,999,1,0,0
1,2,999,1,0,0
2,3,999,1,0,0
3,4,999,1,0,0
4,5,999,1,0,0
5,6,999,0,1,0
0,1,999,1,0,0
1,2,999,1,0,0
2,3,999,1,0,0
3,4,999,1,0,0
4,5,999,1,0,0
5,6,999,0,1,0
0,1,999,1,0,0
1,2,999,1,0,0
2,3,999,1,0,0
3,4,999,1,0,0
4,5,999,1,0,0
5,6,999,0,1,0
0,1,999,1,0,0
1,2,999,1,0,0
2,3,999,1,0,0
3,4,999,1,0,0
4,5,999,1,0,0
5,6,999,1,0,0
6,7,999,0,1,0
0,1,999,1,0,0
1,2,999,1,0,0
2,3,999,1,0,0
3,4,999,0,1,0
0,1,999,1,0,0
1,2,999,1,0,0
2,3,999,1,0,0
3,4,999,0,1,0
0,1,999,1,0,0
1,2,999,1,0,0
2,3,999,1,0,0
3,4,999,1,0,0
4,5,999,0,1,0
0,1,999,1,0,0
1,2,999,1,0,0
2,3,999,1,0,0
3,4,999,0,1,0
0,1,999,1,0,0
1,2,999,1,0,0
2,3,999,1,0,0
3,4,999,0,1,0
0,1,999,1,0,0
1,2,999,1,0,0
2,3,999,1,0,0
3,4,999,1,0,0
4,5,999,0,1,0
0,1,999,1,0,0
1,2,999,1,0,0
2,3,999,1,0,0
3,4,999,1,0,0
4,5,999,1,0,0
5,6,999,1,0,0
6,7,999,1,0,0
7,8,999,1,0,0
8,9,999,0,1,0
0,1,999,1,0,0
1,2,999,1,0,0
2,3,999,1,0,0
3,4,999,1,0,0
4,5,999,1,0,0
5,6,999,1,0,0
6,7,999,0,1,0
0,1,999,1,0,0
1,2,999,1,0,0
2,3,999,1,0,0
3,4,999,0,1,0
0,1,999,1,0,0
1,2,999,1,0,0
2,3,999,1,0,0
3,4,999,1,0,0
4,5,999,1,0,0
5,6,999,1,0,0
6,7,999,1,0,0
7,8,999,0,1,0
0,1,999,1,0,0
1,2,999,1,0,0
2,3,999,1,0,0
3,4,999,0,1,0
0,1,999,1,0,0
1,2,999,1,0,0
2,3,999,1,0,0
3,4,999,1,0,0
4,5,999,1,0,0
5,6,999,1,0,0
6,7,999,1,0,0
7,8,999,0,1,0
0,1,999,1,0,0
1,2,999,1,0,0
2,3,999,1,0,0
3,4,999,0,1,0
0,1,999,1,0,0
1,2,999,1,0,0
2,3,999,1,0,0
3,4,999,0,1,0
0,1,999,1,0,0
1,2,999,1,0,0
2,3,999,1,0,0
3,4,999,0,1,0
0,1,999,1,0,0
1,2,999,1,0,0
2,3,999,1,0,0
3,4,999,1,0,0
4,5,999,0,1,0
0,1,999,1,0,0
1,2,999,1,0,0
2,3,999,1,0,0
3,4,999,0,1,0
0,1,999,1,0,0
1,2,999,1,0,0
2,3,999,1,0,0
3,4,999,1,0,0
4,5,999,1,0,0
5,6,999,1,0,0
6,7,999,1,0,0
7,8,999,0,1,0
0,1,999,1,0,0
1,2,999,1,0,0
2,3,999,1,0,0
3,4,999,1,0,0
4,5,999,0,1,0
0,1,999,1,0,0
1,2,999,1,0,0
2,3,999,1,0,0
3,4,999,1,0,0
4,5,999,1,0,0
5,6,999,1,0,0
6,7,999,0,1,0
0,1,999,1,0,0
1,2,999,1,0,0
2,3,999,1,0,0
3,4,999,1,0,0
4,5,999,1,0,0
5,6,999,0,1,0
0,1,999,1,0,0
1,2,999,1,0,0
2,3,999,1,0,0
3,4,999,1,0,0
4,5,999,1,0,0
5,6,999,1,0,0
6,7,999,0,1,0
0,1,999,1,0,0
1,2,999,1,0,0
2,3,999,1,0,0
3,4,999,1,0,0
4,5,999,0,1,0
0,1,999,1,0,0
1,2,999,1,0,0
2,3,999,1,0,0
3,4,999,0,1,0
0,1,999,1,0,0
1,2,999,1,0,0
2,3,999,1,0,0
3,4,999,1,0,0
4,5,999,1,0,0
5,6,999,0,1,0
0,1,999,1,0,0
1,2,999,1,0,0
2,3,999,1,0,0
3,4,999,1,0,0
4,5,999,0,1,0
0,1,999,1,0,0
1,2,999,1,0,0
2,3,999,1,0,0
3,4,999,1,0,0
4,5,999,0,1,0
0,1,999,1,0,0
1,2,999,1,0,0
2,3,999,1,0,0
3,4,999,1,0,0
4,5,999,1,0,0
5,6,999,1,0,0
6,7,999,0,1,0
0,1,999,1,0,0
1,2,999,1,0,0
2,3,999,1,0,0
3,4,999,1,0,0
4,5,999,0,1,0
0,1,999,1,0,0
1,2,999,1,0,0
2,3,999,1,0,0
3,4,999,1,0,0
4,5,999,0,1,0
0,1,999,1,0,0
1,2,999,1,0,0
2,3,999,1,0,0
3,4,999,1,0,0
4,5,999,0,1,0
0,1,999,1,0,0
1,2,999,1,0,0
2,3,999,1,0,0
3,4,999,0,1,0
0,1,999,1,0,0
1,2,999,1,0,0
2,3,999,1,0,0
3,4,999,1,0,0
4,5,999,1,0,0
5,6,999,1,0,0
6,7,999,1,0,0
7,8,999,0,1,0
0,1,999,1,0,0
1,2,999,1,0,0
2,3,999,1,0,0
3,4,999,1,0,0
4,5,999,0,1,0
0,1,999,1,0,0
1,2,999,1,0,0
2,3,999,1,0,0
3,4,999,1,0,0
4,5,999,0,1,0
0,1,999,1,0,0
1,2,999,1,0,0
2,3,999,1,0,0
3,4,999,0,1,0
0,1,999,1,0,0
1,2,999,1,0,0
2,3,999,1,0,0
3,4,999,1,0,0
4,5,999,1,0,0
5,6,999,1,0,0
6,7,999,1,0,0
7,8,999,1,0,0
8,9,999,0,1,0
0,1,999,1,0,0
1,2,999,1,0,0
2,3,999,1,0,0
3,4,999,1,0,0
4,5,999,1,0,0
5,6,999,0,1,0
0,1,999,1,0,0
1,2,999,1,0,0
2,3,999,1,0,0
3,4,999,1,0,0
4,5,999,0,1,0
0,1,999,1,0,0
1,2,999,1,0,0
2,3,999,1,0,0
3,4,999,1,0,0
4,5,999,0,1,0
0,1,999,1,0,0
1,2,999,1,0,0
2,3,999,1,0,0
3,4,999,1,0,0
4,5,999,0,1,0
0,1,999,1,0,0
1,2,999,1,0,0
2,3,999,1,0,0
3,4,999,1,0,0
4,5,999,1,0,0
5,6,999,1,0,0
6,7,999,1,0,0
7,8,999,0,1,0
0,1,999,1,0,0
1,2,999,1,0,0
2,3,999,1,0,0
3,4,999,0,1,0
0,1,999,1,0,0
1,2,999,1,0,0
2,3,999,1,0,0
3,4,999,1,0,0
4,5,999,1,0,0
5,6,999,1,0,15
6,7,997,2,1,13
7,8,995,4,1,0
8,9,995,4,1,0
9,10,995,3,2,0
10,11,995,2,3,12
11,12,991,4,5,4
12,13,991,4,5,52
13,14,989,6,5,0
14,15,989,6,5,0
15,16,989,4,7,18
16,17,987,6,7,14
17,18,986,5,9,23
18,19,982,9,9,11
19,20,981,9,10,8
20,21,979,7,14,0
21,22,979,5,16,37
22,23,974,9,17,0
23,24,974,8,18,12
24,25,974,7,19,9
25,26,974,5,21,0
26,27,974,4,22,10
27,28,973,4,23,20
28,29,971,4,25,0
29,30,971,3,26,0
30,31,971,2,27,0
31,32,971,2,27,0
32,33,971,1,28,0
33,34,971,1,28,0
34,35,971,1,28,0
35,36,971,1,28,0
36,37,971,0,29,0
0,1,999,1,0,0
1,2,999,1,0,0
2,3,999,1,0,0
3,4,999,1,0,0
4,5,999,1,0,0
5,6,999,0,1,0
0,1,999,1,0,0
1,2,999,1,0,0
2,3,999,1,0,0
3,4,999,1,0,0
4,5,999,1,0,0
5,6,999,0,1,0
0,1,999,1,0,0
1,2,999,1,0,0
2,3,999,1,0,0
3,4,999,1,0,0
4,5,999,1,0,0
5,6,999,0,1,0
0,1,999,1,0,0
1,2,999,1,0,0
2,3,999,1,0,0
3,4,999,0,1,0
0,1,999,1,0,0
1,2,999,1,0,0
2,3,999,1,0,0
3,4,999,1,0,0
4,5,999,1,0,0
5,6,999,1,0,0
6,7,999,1,0,0
7,8,999,0,1,0
0,1,999,1,0,0
1,2,999,1,0,0
2,3,999,1,0,0
3,4,999,0,1,0
0,1,999,1,0,0
1,2,999,1,0,0
2,3,999,1,0,0
3,4,999,1,0,0
4,5,999,1,0,0
5,6,999,0,1,0
0,1,999,1,0,0
1,2,999,1,0,0
2,3,999,1,0,0
3,4,999,1,0,0
4,5,999,0,1,0
0,1,999,1,0,0
1,2,999,1,0,11
2,3,997,3,0,0
3,4,997,3,0,0
4,5,997,3,0,14
5,6,997,2,1,0
6,7,997,2,1,22
7,8,996,2,2,14
8,9,995,3,2,0
9,10,995,2,3,0
10,11,995,1,4,0
11,12,995,0,5,0
0,1,999,1,0,0
1,2,999,1,0,0
2,3,999,1,0,0
3,4,999,1,0,0
4,5,999,1,0,0
5,6,999,1,0,0
6,7,999,0,1,0
0,1,999,1,0,0
1,2,999,1,0,0
2,3,999,1,0,21
3,4,996,3,1,0
4,5,996,3,1,15
5,6,994,5,1,52
6,7,987,11,2,45
7,8,980,16,4,26
8,9,978,18,4,18
9,10,978,15,7,16
10,11,978,12,10,19
11,12,976,11,13,51
12,13,971,11,18,5
13,14,970,10,20,14
14,15,970,7,23,13
15,16,969,6,25,0
16,17,969,3,28,0
17,18,969,3,28,0
18,19,969,1,30,0
19,20,969,0,31,0
0,1,999,1,0,0
1,2,999,1,0,0
2,3,999,1,0,0
3,4,999,1,0,0
4,5,999,0,1,0
0,1,999,1,0,0
1,2,999,1,0,0
2,3,999,1,0,0
3,4,999,1,0,0
4,5,999,1,0,0
5,6,999,1,0,0
6,7,999,1,0,0
7,8,999,0,1,0
0,1,999,1,0,0
1,2,999,1,0,0
2,3,999,1,0,0
3,4,999,1,0,0
4,5,999,1,0,0
5,6,999,1,0,0
6,7,999,0,1,0
0,1,999,1,0,0
1,2,999,1,0,0
2,3,999,1,0,0
3,4,999,1,0,0
4,5,999,0,1,0
0,1,999,1,0,0
1,2,999,1,0,0
2,3,999,1,0,0
3,4,999,0,1,0
0,1,999,1,0,0
1,2,999,1,0,0
2,3,999,1,0,0
3,4,999,1,0,0
4,5,999,1,0,0
5,6,999,0,1,0
0,1,999,1,0,0
1,2,999,1,0,0
2,3,999,1,0,0
3,4,999,1,0,0
4,5,999,1,0,0
5,6,999,0,1,0
0,1,999,1,0,0
1,2,999,1,0,0
2,3,999,1,0,0
3,4,999,0,1,0
0,1,999,1,0,0
1,2,999,1,0,0
2,3,999,1,0,0
3,4,999,0,1,0
0,1,999,1,0,0
1,2,999,1,0,0
2,3,999,1,0,0
3,4,999,1,0,0
4,5,999,1,0,0
5,6,999,0,1,0
0,1,999,1,0,0
1,2,999,1,0,0
2,3,999,1,0,0
3,4,999,1,0,0
4,5,999,1,0,0
5,6,999,1,0,0
6,7,999,0,1,0
0,1,999,1,0,0
1,2,999,1,0,0
2,3,999,1,0,0
3,4,999,0,1,0
0,1,999,1,0,0
1,2,999,1,0,0
2,3,999,1,0,0
3,4,999,0,1,0
0,1,999,1,0,0
1,2,999,1,0,0
2,3,999,1,0,0
3,4,999,1,0,0
4,5,999,1,0,0
5,6,999,0,1,0
0,1,999,1,0,0
1,2,999,1,0,0
2,3,999,1,0,0
3,4,999,1,0,0
4,5,999,0,1,0
0,1,999,1,0,0
1,2,999,1,0,0
2,3,999,1,0,0
3,4,999,1,0,0
4,5,999,0,1,0
0,1,999,1,0,0
1,2,999,1,0,0
2,3,999,1,0,0
3,4,999,1,0,0
4,5,999,1,0,0
5,6,999,1,0,0
6,7,999,0,1,0
0,1,999,1,0,0
1,2,999,1,0,0
2,3,999,1,0,0
3,4,999,1,0,0
4,5,999,1,0,0
5,6,999,1,0,0
6,7,999,0,1,0
0,1,999,1,0,0
1,2,999,1,0,0
2,3,999,1,0,0
3,4,999,1,0,0
4,5,999,1,0,0
5,6,999,0,1,0
0,1,999,1,0,0
1,2,999,1,0,0
2,3,999,1,0,0
3,4,999,1,0,0
4,5,999,1,0,0
5,6,999,0,1,0
0,1,999,1,0,0
1,2,999,1,0,0
2,3,999,1,0,0
3,4,999,1,0,0
4,5,999,0,1,0
0,1,999,1,0,0
1,2,999,1,0,0
2,3,999,1,0,0
3,4,999,0,1,0
0,1,999,1,0,0
1,2,999,1,0,0
2,3,999,1,0,0
3,4,999,1,0,0
4,5,999,1,0,0
5,6,999,0,1,0
0,1,999,1,0,0
1,2,999,1,0,0
2,3,999,1,0,0
3,4,999,1,0,0
4,5,999,1,0,0
5,6,999,0,1,0
0,1,999,1,0,0
1,2,999,1,0,0
2,3,999,1,0,0
3,4,999,0,1,0
0,1,999,1,0,0
1,2,999,1,0,0
2,3,999,1,0,0
3,4,999,0,1,0
0,1,999,1,0,0
1,2,999,1,0,0
2,3,999,1,0,0
3,4,999,1,0,0
4,5,999,1,0,0
5,6,999,0,1,0
0,1,999,1,0,0
1,2,999,1,0,0
2,3,999,1,0,0
3,4,999,1,0,0
4,5,999,1,0,19
5,6,998,2,0,0
6,7,998,2,0,3
7,8,998,2,0,18
8,9,994,6,0,22
9,10,992,8,0,0
10,11,992,6,2,26
11,12,990,6,4,0
12,13,990,4,6,0
13,14,990,4,6,0
14,15,990,3,7,38
15,16,987,5,8,0
16,17,987,4,9,0
17,18,987,3,10,0
18,19,987,2,11,0
19,20,987,1,12,0
20,21,987,0,13,0
0,1,999,1,0,0
1,2,999,1,0,0
2,3,999,1,0,0
3,4,999,1,0,0
4,5,999,0,1,0
0,1,999,1,0,0
1,2,999,1,0,0
2,3,999,1,0,15
3,4,999,1,0,28
4,5,997,3,0,0
5,6,997,2,1,0
6,7,997,2,1,0
7,8,997,0,3,0
0,1,999,1,0,0
1,2,999,1,0,0
2,3,999,1,0,0
3,4,999,1,0,0
4,5,999,0,1,0
0,1,999,1,0,0
1,2,999,1,0,0
2,3,999,1,0,0
3,4,999,1,0,0
4,5,999,1,0,0
5,6,999,1,0,0
6,7,999,1,0,0
7,8,999,1,0,0
8,9,999,1,0,0
9,10,999,0,1,0
0,1,999,1,0,0
1,2,999,1,0,0
2,3,999,1,0,0
3,4,999,1,0,0
4,5,999,0,1,0
0,1,999,1,0,0
1,2,999,1,0,0
2,3,999,1,0,0
3,4,999,0,1,0
0,1,999,1,0,0
1,2,999,1,0,0
2,3,999,1,0,0
3,4,999,1,0,0
4,5,999,1,0,0
5,6,999,1,0,0
6,7,999,1,0,0
7,8,999,0,1,0
0,1,999,1,0,0
1,2,999,1,0,0
2,3,999,1,0,0
3,4,999,1,0,0
4,5,999,0,1,0
0,1,999,1,0,0
1,2,999,1,0,0
2,3,999,1,0,0
3,4,999,1,0,0
4,5,999,0,1,0
0,1,999,1,0,0
1,2,999,1,0,0
2,3,999,1,0,0
3,4,999,1,0,0
4,5,999,1,0,0
5,6,999,1,0,0
6,7,999,1,0,0
7,8,999,1,0,0
8,9,999,1,0,0
9,10,999,0,1,0
0,1,999,1,0,0
1,2,999,1,0,0
2,3,999,1,0,0
3,4,999,0,1,0
0,1,999,1,0,0
1,2,999,1,0,0
2,3,999,1,0,0
3,4,999,1,0,0
4,5,999,1,0,0
5,6,999,1,0,0
6,7,999,0,1,0
0,1,999,1,0,0
1,2,999,1,0,0
2,3,999,1,0,0
3,4,999,1,0,0
4,5,999,1,0,0
5,6,999,0,1,0
0,1,999,1,0,0
1,2,999,1,0,0
2,3,999,1,0,0
3,4,999,1,0,0
4,5,999,1,0,0
5,6,999,1,0,0
6,7,999,0,1,0
0,1,999,1,0,0
1,2,999,1,0,0
2,3,999,1,0,0
3,4,999,1,0,0
4,5,999,1,0,0
5,6,999,0,1,0
0,1,999,1,0,0
1,2,999,1,0,0
2,3,999,1,0,0
3,4,999,1,0,0
4,5,999,1,0,0
5,6,999,0,1,0
0,1,999,1,0,0
1,2,999,1,0,0
2,3,999,1,0,0
3,4,999,0,1,0
0,1,999,1,0,0
1,2,999,1,0,0
2,3,999,1,0,0
3,4,999,1,0,0
4,5,999,0,1,0
0,1,999,1,0,0
1,2,999,1,0,0
2,3,999,1,0,0
3,4,999,0,1,0
0,1,999,1,0,0
1,2,999,1,0,0
2,3,999,1,0,0
3,4,999,0,1,0
0,1,999,1,0,0
1,2,999,1,0,0
2,3,999,1,0,0
3,4,999,1,0,0
4,5,999,1,0,0
5,6,999,1,0,0
6,7,999,1,0,0
7,8,999,0,1,0
0,1,999,1,0,0
1,2,999,1,0,0
2,3,999,1,0,0
3,4,999,0,1,0
0,1,999,1,0,0
1,2,999,1,0,0
2,3,999,1,0,0
3,4,999,0,1,0
0,1,999,1,0,0
1,2,999,1,0,0
2,3,999,1,0,0
3,4,999,0,1,0
0,1,999,1,0,0
1,2,999,1,0,0
2,3,999,1,0,0
3,4,999,1,0,0
4,5,999,1,0,0
5,6,999,1,0,0
6,7,999,1,0,0
7,8,999,0,1,0
0,1,999,1,0,0
1,2,999,1,0,0
2,3,999,1,0,0
3,4,999,0,1,0
0,1,999,1,0,0
1,2,999,1,0,0
2,3,999,1,0,0
3,4,999,0,1,0
0,1,999,1,0,0
1,2,999,1,0,0
2,3,999,1,0,0
3,4,999,0,1,0
0,1,999,1,0,0
1,2,999,1,0,0
2,3,999,1,0,0
3,4,999,0,1,0
0,1,999,1,0,0
1,2,999,1,0,0
2,3,999,1,0,0
3,4,999,1,0,0
4,5,999,0,1,0
0,1,999,1,0,0
1,2,999,1,0,0
2,3,999,1,0,0
3,4,999,1,0,0
4,5,999,1,0,0
5,6,999,1,0,0
6,7,999,1,0,0
7,8,999,1,0,0
8,9,999,0,1,0
0,1,999,1,0,0
1,2,999,1,0,0
2,3,999,1,0,0
3,4,999,0,1,0
0,1,999,1,0,0
1,2,999,1,0,0
2,3,999,1,0,0
3,4,999,1,0,0
4,5,999,0,1,0
0,1,999,1,0,0
1,2,999,1,0,0
2,3,999,1,0,0
3,4,999,1,0,0
4,5,999,1,0,0
5,6,999,0,1,0
0,1,999,1,0,0
1,2,999,1,0,0
2,3,999,1,0,0
3,4,999,0,1,0
0,1,999,1,0,0
1,2,999,1,0,0
2,3,999,1,0,0
3,4,999,1,0,0
4,5,999,1,0,0
5,6,999,1,0,0
6,7,999,0,1,0
0,1,999,1,0,0
1,2,999,1,0,0
2,3,999,1,0,0
3,4,999,0,1,0
0,1,999,1,0,0
1,2,999,1,0,0
2,3,999,1,0,0
3,4,999,1,0,0
4,5,999,0,1,0
0,1,999,1,0,0
1,2,999,1,0,0
2,3,999,1,0,0
3,4,999,0,1,0
0,1,999,1,0,0
1,2,999,1,0,0
2,3,999,1,0,0
3,4,999,0,1,0
0,1,999,1,0,0
1,2,999,1,0,0
2,3,999,1,0,0
3,4,999,0,1,0
0,1,999,1,0,0
1,2,999,1,0,0
2,3,999,1,0,0
3,4,999,0,1,0
0,1,999,1,0,0
1,2,999,1,0,0
2,3,999,1,0,0
3,4,999,1,0,0
4,5,999,0,1,0
0,1,999,1,0,0
1,2,999,1,0,0
2,3,999,1,0,0
3,4,999,1,0,0
4,5,999,0,1,0
0,1,999,1,0,0
1,2,999,1,0,0
2,3,999,1,0,0
3,4,999,1,0,0
4,5,999,0,1,0
0,1,999,1,0,0
1,2,999,1,0,0
2,3,999,1,0,0
3,4,999,1,0,0
4,5,999,1,0,0
5,6,999,1,0,0
6,7,999,0,1,0
0,1,999,1,0,0
1,2,999,1,0,0
2,3,999,1,0,0
3,4,999,0,1,0
0,1,999,1,0,0
1,2,999,1,0,0
2,3,999,1,0,0
3,4,999,1,0,0
4,5,999,1,0,0
5,6,999,1,0,0
6,7,999,0,1,0
0,1,999,1,0,0
1,2,999,1,0,0
2,3,999,1,0,0
3,4,999,0,1,0
0,1,999,1,0,0
1,2,999,1,0,0
2,3,999,1,0,0
3,4,999,1,0,0
4,5,999,0,1,0
0,1,999,1,0,0
1,2,999,1,0,0
2,3,999,1,0,0
3,4,999,1,0,0
4,5,999,1,0,0
5,6,999,0,1,0
0,1,999,1,0,0
1,2,999,1,0,0
2,3,999,1,0,0
3,4,999,0,1,0
0,1,999,1,0,0
1,2,999,1,0,0
2,3,999,1,0,0
3,4,999,1,0,0
4,5,999,0,1,0
0,1,999,1,0,0
1,2,999,1,0,0
2,3,999,1,0,0
3,4,999,1,0,0
4,5,999,1,0,0
5,6,999,0,1,0
0,1,999,1,0,0
1,2,999,1,0,0
2,3,999,1,0,0
3,4,999,1,0,0
4,5,999,1,0,0
5,6,999,1,0,0
6,7,999,1,0,0
7,8,999,0,1,0
0,1,999,1,0,0
1,2,999,1,0,0
2,3,999,1,0,0
3,4,999,1,0,15
4,5,999,1,0,0
5,6,999,0,1,0
0,1,999,1,0,0
1,2,999,1,0,0
2,3,999,1,0,0
3,4,999,1,0,0
4,5,999,1,0,0
5,6,999,1,0,0
6,7,999,1,0,0
7,8,999,0,1,0
0,1,999,1,0,0
1,2,999,1,0,0
2,3,999,1,0,0
3,4,999,1,0,0
4,5,999,0,1,0
0,1,999,1,0,0
1,2,999,1,0,0
2,3,999,1,0,0
3,4,999,1,0,0
4,5,999,1,0,0
5,6,999,0,1,0
0,1,999,1,0,0
1,2,999,1,0,0
2,3,999,1,0,0
3,4,999,1,0,0
4,5,999,0,1,0
0,1,999,1,0,0
1,2,999,1,0,0
2,3,999,1,0,0
3,4,999,1,0,0
4,5,999,0,1,0
0,1,999,1,0,0
1,2,999,1,0,0
2,3,999,1,0,0
3,4,999,0,1,0
0,1,999,1,0,0
1,2,999,1,0,0
2,3,999,1,0,0
3,4,999,1,0,0
4,5,999,1,0,0
5,6,999,0,1,0
0,1,999,1,0,0
1,2,999,1,0,0
2,3,999,1,0,0
3,4,999,1,0,0
4,5,999,1,0,0
5,6,999,0,1,0
0,1,999,1,0,0
1,2,999,1,0,0
2,3,999,1,0,0
3,4,999,0,1,0
0,1,999,1,0,0
1,2,999,1,0,0
2,3,999,1,0,0
3,4,999,1,0,0
4,5,999,1,0,0
5,6,999,1,0,0
6,7,999,0,1,0
0,1,999,1,0,0
1,2,999,1,0,0
2,3,999,1,0,0
3,4,999,1,0,0
4,5,999,0,1,0
0,1,999,1,0,0
1,2,999,1,0,0
2,3,999,1,0,0
3,4,999,1,0,0
4,5,999,0,1,0
0,1,999,1,0,0
1,2,999,1,0,0
2,3,999,1,0,0
3,4,999,1,0,0
4,5,999,0,1,0
0,1,999,1,0,0
1,2,999,1,0,0
2,3,999,1,0,0
3,4,999,1,0,0
4,5,999,1,0,0
5,6,999,1,0,0
6,7,999,0,1,0
0,1,999,1,0,0
1,2,999,1,0,0
2,3,999,1,0,0
3,4,999,0,1,0
0,1,999,1,0,0
1,2,999,1,0,0
2,3,999,1,0,0
3,4,999,1,0,0
4,5,999,1,0,0
5,6,999,0,1,0
0,1,999,1,0,0
1,2,999,1,0,0
2,3,999,1,0,0
3,4,999,0,1,0
0,1,999,1,0,0
1,2,999,1,0,0
2,3,999,1,0,0
3,4,999,1,0,0
4,5,999,1,0,0
5,6,999,0,1,0
0,1,999,1,0,0
1,2,999,1,0,15
2,3,996,4,0,0
3,4,996,4,0,0
4,5,996,3,1,0
5,6,996,1,3,0
6,7,996,1,3,0
7,8,996,1,3,0
8,9,996,1,3,0
9,10,996,1,3,0
10,11,996,1,3,0
11,12,996,0,4,0
0,1,999,1,0,0
1,2,999,1,0,0
2,3,999,1,0,0
3,4,999,0,1,0
0,1,999,1,0,0
1,2,999,1,0,0
2,3,999,1,0,0
3,4,999,1,0,0
4,5,999,0,1,0
0,1,999,1,0,0
1,2,999,1,0,0
2,3,999,1,0,0
3,4,999,1,0,0
4,5,999,1,0,0
5,6,999,0,1,0
0,1,999,1,0,0
1,2,999,1,0,0
2,3,999,1,0,0
3,4,999,1,0,0
4,5,999,0,1,0
0,1,999,1,0,0
1,2,999,1,0,0
2,3,999,1,0,0
3,4,999,0,1,0
0,1,999,1,0,0
1,2,999,1,0,0
2,3,999,1,0,0
3,4,999,1,0,0
4,5,999,0,1,0
0,1,999,1,0,0
1,2,999,1,0,0
2,3,999,1,0,0
3,4,999,1,0,0
4,5,999,1,0,0
5,6,999,0,1,0
0,1,999,1,0,0
1,2,999,1,0,0
2,3,999,1,0,0
3,4,999,1,0,0
4,5,999,0,1,0
0,1,999,1,0,0
1,2,999,1,0,0
2,3,999,1,0,0
3,4,999,1,0,0
4,5,999,0,1,0
0,1,999,1,0,0
1,2,999,1,0,0
2,3,999,1,0,0
3,4,999,1,0,0
4,5,999,1,0,0
5,6,999,0,1,0
0,1,999,1,0,0
1,2,999,1,0,0
2,3,999,1,0,0
3,4,999,0,1,0
0,1,999,1,0,0
1,2,999,1,0,0
2,3,999,1,0,0
3,4,999,1,0,0
4,5,999,1,0,0
5,6,999,0,1,0
0,1,999,1,0,0
1,2,999,1,0,0
2,3,999,1,0,0
3,4,999,0,1,0
0,1,999,1,0,0
1,2,999,1,0,0
2,3,999,1,0,0
3,4,999,1,0,0
4,5,999,1,0,0
5,6,999,1,0,0
6,7,999,0,1,0
0,1,999,1,0,0
1,2,999,1,0,0
2,3,999,1,0,0
3,4,999,1,0,0
4,5,999,1,0,0
5,6,999,0,1,0
0,1,999,1,0,0
1,2,999,1,0,0
2,3,999,1,0,0
3,4,999,0,1,0
0,1,999,1,0,0
1,2,999,1,0,0
2,3,999,1,0,0
3,4,999,1,0,0
4,5,999,0,1,0
0,1,999,1,0,0
1,2,999,1,0,0
2,3,999,1,0,0
3,4,999,1,0,0
4,5,999,1,0,0
5,6,999,1,0,0
6,7,999,1,0,0
7,8,999,1,0,0
8,9,999,0,1,0
0,1,999,1,0,0
1,2,999,1,0,0
2,3,999,1,0,0
3,4,999,0,1,0
0,1,999,1,0,0
1,2,999,1,0,0
2,3,999,1,0,0
3,4,999,1,0,0
4,5,999,0,1,0
0,1,999,1,0,0
1,2,999,1,0,0
2,3,999,1,0,0
3,4,999,1,0,0
4,5,999,1,0,0
5,6,999,1,0,0
6,7,999,1,0,0
7,8,999,0,1,0
0,1,999,1,0,0
1,2,999,1,0,0
2,3,999,1,0,0
3,4,999,1,0,0
4,5,999,0,1,0
0,1,999,1,0,0
1,2,999,1,0,0
2,3,999,1,0,0
3,4,999,1,0,0
4,5,999,0,1,0
0,1,999,1,0,0
1,2,999,1,0,0
2,3,999,1,0,0
3,4,999,0,1,0
0,1,999,1,0,0
1,2,999,1,0,0
2,3,999,1,0,0
3,4,999,1,0,0
4,5,999,0,1,0
0,1,999,1,0,0
1,2,999,1,0,0
2,3,999,1,0,0
3,4,999,1,0,0
4,5,999,0,1,0
0,1,999,1,0,0
1,2,999,1,0,0
2,3,999,1,0,0
3,4,999,0,1,0
0,1,999,1,0,0
1,2,999,1,0,0
2,3,999,1,0,0
3,4,999,1,0,0
4,5,999,0,1,0
0,1,999,1,0,0
1,2,999,1,0,0
2,3,999,1,0,0
3,4,999,0,1,0
0,1,999,1,0,0
1,2,999,1,0,0
2,3,999,1,0,0
3,4,999,1,0,0
4,5,999,1,0,0
5,6,999,0,1,0
0,1,999,1,0,0
1,2,999,1,0,0
2,3,999,1,0,0
3,4,999,1,0,0
4,5,999,1,0,0
5,6,999,1,0,0
6,7,999,1,0,0
7,8,999,0,1,0
0,1,999,1,0,0
1,2,999,1,0,0
2,3,999,1,0,0
3,4,999,1,0,0
4,5,999,1,0,0
5,6,999,1,0,0
6,7,999,1,0,0
7,8,999,0,1,0
0,1,999,1,0,0
1,2,999,1,0,0
2,3,999,1,0,0
3,4,999,0,1,0
0,1,999,1,0,0
1,2,999,1,0,0
2,3,999,1,0,0
3,4,999,1,0,0
4,5,999,0,1,0
0,1,999,1,0,0
1,2,999,1,0,0
2,3,999,1,0,0
3,4,999,0,1,0
0,1,999,1,0,0
1,2,999,1,0,0
2,3,999,1,0,0
3,4,999,1,0,0
4,5,999,1,0,0
5,6,999,1,0,0
6,7,999,0,1,0
0,1,999,1,0,0
1,2,999,1,0,0
2,3,999,1,0,0
3,4,999,1,0,0
4,5,999,1,0,0
5,6,999,1,0,0
6,7,999,1,0,0
7,8,999,0,1,0
0,1,999,1,0,0
1,2,999,1,0,0
2,3,999,1,0,0
3,4,999,1,0,0
4,5,999,0,1,0
0,1,999,1,0,0
1,2,999,1,0,0
2,3,999,1,0,0
3,4,999,1,0,0
4,5,999,0,1,0
0,1,999,1,0,0
1,2,999,1,0,0
2,3,999,1,0,0
3,4,999,1,0,0
4,5,999,1,0,0
5,6,999,1,0,0
6,7,999,1,0,0
7,8,999,0,1,0
0,1,999,1,0,0
1,2,999,1,0,0
2,3,999,1,0,0
3,4,999,0,1,0
0,1,999,1,0,0
1,2,999,1,0,0
2,3,999,1,0,0
3,4,999,1,0,0
4,5,999,1,0,0
5,6,999,1,0,0
6,7,999,1,0,0
7,8,999,1,0,0
8,9,999,1,0,0
9,10,999,1,0,0
10,11,999,1,0,0
11,12,999,0,1,0
0,1,999,1,0,0
1,2,999,1,0,0
2,3,999,1,0,0
3,4,999,0,1,0
0,1,999,1,0,0
1,2,999,1,0,0
2,3,999,1,0,0
3,4,999,1,0,0
4,5,999,1,0,0
5,6,999,0,1,0
0,1,999,1,0,0
1,2,999,1,0,0
2,3,999,1,0,0
3,4,999,1,0,0
4,5,999,1,0,0
5,6,999,1,0,0
6,7,999,0,1,0
0,1,999,1,0,0
1,2,999,1,0,0
2,3,999,1,0,0
3,4,999,1,0,0
4,5,999,0,1,0
0,1,999,1,0,0
1,2,999,1,0,0
2,3,999,1,0,0
3,4,999,0,1,0
0,1,999,1,0,0
1,2,999,1,0,0
2,3,999,1,0,0
3,4,999,1,0,0
4,5,999,0,1,0
0,1,999,1,0,0
1,2,999,1,0,0
2,3,999,1,0,0
3,4,999,1,0,13
4,5,998,2,0,12
5,6,998,2,0,0
6,7,998,1,1,0
7,8,998,1,1,0
8,9,998,1,1,0
9,10,998,1,1,0
10,11,998,1,1,0
11,12,998,0,2,0
0,1,999,1,0,0
1,2,999,1,0,0
2,3,999,1,0,0
3,4,999,1,0,0
4,5,999,0,1,0
0,1,999,1,0,0
1,2,999,1,0,0
2,3,999,1,0,0
3,4,999,1,0,0
4,5,999,0,1,0
0,1,999,1,0,0
1,2,999,1,0,0
2,3,999,1,0,0
3,4,999,1,0,0
4,5,999,1,0,0
5,6,999,1,0,0
6,7,999,0,1,0
0,1,999,1,0,0
1,2,999,1,0,0
2,3,999,1,0,0
3,4,999,1,0,0
4,5,999,1,0,0
5,6,999,1,0,0
6,7,999,1,0,0
7,8,999,0,1,0
0,1,999,1,0,0
1,2,999,1,0,0
2,3,999,1,0,0
3,4,999,1,0,0
4,5,999,0,1,0
0,1,999,1,0,0
1,2,999,1,0,0
2,3,999,1,0,0
3,4,999,1,0,0
4,5,999,1,0,0
5,6,999,1,0,0
6,7,999,0,1,0
0,1,999,1,0,0
1,2,999,1,0,0
2,3,999,1,0,0
3,4,999,1,0,0
4,5,999,0,1,0
0,1,999,1,0,0
1,2,999,1,0,0
2,3,999,1,0,0
3,4,999,0,1,0
0,1,999,1,0,0
1,2,999,1,0,0
2,3,999,1,0,0
3,4,999,1,0,0
4,5,999,1,0,0
5,6,999,0,1,0
0,1,999,1,0,0
1,2,999,1,0,0
2,3,999,1,0,0
3,4,999,1,0,0
4,5,999,0,1,0
0,1,999,1,0,0
1,2,999,1,0,0
2,3,999,1,0,0
3,4,999,1,0,0
4,5,999,1,0,0
5,6,999,1,0,0
6,7,999,1,0,0
7,8,999,0,1,0
0,1,999,1,0,0
1,2,999,1,0,0
2,3,999,1,0,0
3,4,999,1,0,0
4,5,999,0,1,0
0,1,999,1,0,0
1,2,999,1,0,0
2,3,999,1,0,0
3,4,999,1,0,0
4,5,999,0,1,0
0,1,999,1,0,0
1,2,999,1,0,0
2,3,999,1,0,0
3,4,999,1,0,0
4,5,999,1,0,0
5,6,999,0,1,0
0,1,999,1,0,0
1,2,999,1,0,0
2,3,999,1,0,0
3,4,999,0,1,0
0,1,999,1,0,0
1,2,999,1,0,0
2,3,999,1,0,0
3,4,999,0,1,0
0,1,999,1,0,0
1,2,999,1,0,0
2,3,999,1,0,0
3,4,999,1,0,0
4,5,999,1,0,0
5,6,999,0,1,0
0,1,999,1,0,0
1,2,999,1,0,0
2,3,999,1,0,0
3,4,999,0,1,0
0,1,999,1,0,0
1,2,999,1,0,0
2,3,999,1,0,0
3,4,999,1,0,0
4,5,999,0,1,0
0,1,999,1,0,0
1,2,999,1,0,0
2,3,999,1,0,0
3,4,999,0,1,0
0,1,999,1,0,0
1,2,999,1,0,0
2,3,999,1,0,0
3,4,999,1,0,0
4,5,999,0,1,0
0,1,999,1,0,0
1,2,999,1,0,0
2,3,999,1,0,0
3,4,999,1,0,0
4,5,999,1,0,0
5,6,999,0,1,0
0,1,999,1,0,0
1,2,999,1,0,0
2,3,999,1,0,0
3,4,999,1,0,0
4,5,999,1,0,0
5,6,999,1,0,0
6,7,999,0,1,0
0,1,999,1,0,12
1,2,998,2,0,0
2,3,998,2,0,0
3,4,998,2,0,0
4,5,998,2,0,0
5,6,998,1,1,0
6,7,998,0,2,0
0,1,999,1,0,0
1,2,999,1,0,0
2,3,999,1,0,0
3,4,999,0,1,0
0,1,999,1,0,0
1,2,999,1,0,0
2,3,999,1,0,13
3,4,998,2,0,0
4,5,998,2,0,11
5,6,997,2,1,20
6,7,994,5,1,28
7,8,990,8,2,0
8,9,990,8,2,30
9,10,984,13,3,62
10,11,982,14,4,24
11,12,981,10,9,0
12,13,981,6,13,0
13,14,981,4,15,0
14,15,981,2,17,0
15,16,981,2,17,0
16,17,981,0,19,0
0,1,999,1,0,0
1,2,999,1,0,0
2,3,999,1,0,0
3,4,999,1,0,0
4,5,999,0,1,0
0,1,999,1,0,0
1,2,999,1,0,0
2,3,999,1,0,0
3,4,999,1,0,0
4,5,999,1,0,0
5,6,999,1,0,0
6,7,999,1,0,0
7,8,999,1,0,0
8,9,999,1,0,0
9,10,999,1,0,0
10,11,999,1,0,0
11,12,999,1,0,0
12,13,999,0,1,0
0,1,999,1,0,0
1,2,999,1,0,0
2,3,999,1,0,0
3,4,999,1,0,0
4,5,999,1,0,0
5,6,999,0,1,0
0,1,999,1,0,17
1,2,997,3,0,9
2,3,996,4,0,14
3,4,994,6,0,0
4,5,994,5,1,0
5,6,994,2,4,0
6,7,994,1,5,0
7,8,994,1,5,0
8,9,994,0,6,0
0,1,999,1,0,0
1,2,999,1,0,0
2,3,999,1,0,0
3,4,999,1,0,0
4,5,999,0,1,0
0,1,999,1,0,0
1,2,999,1,0,0
2,3,999,1,0,0
3,4,999,1,0,0
4,5,999,1,0,0
5,6,999,1,0,0
6,7,999,1,0,0
7,8,999,0,1,0
0,1,999,1,0,0
1,2,999,1,0,0
2,3,999,1,0,0
3,4,999,1,0,0
4,5,999,1,0,0
5,6,999,0,1,0
0,1,999,1,0,0
1,2,999,1,0,0
2,3,999,1,0,0
3,4,999,1,0,0
4,5,999,1,0,0
5,6,999,1,0,0
6,7,999,0,1,0
0,1,999,1,0,0
1,2,999,1,0,0
2,3,999,1,0,0
3,4,999,1,0,0
4,5,999,1,0,0
5,6,999,0,1,0
0,1,999,1,0,0
1,2,999,1,0,0
2,3,999,1,0,0
3,4,999,1,0,0
4,5,999,0,1,0
0,1,999,1,0,0
1,2,999,1,0,0
2,3,999,1,0,0
3,4,999,0,1,0
0,1,999,1,0,0
1,2,999,1,0,0
2,3,999,1,0,0
3,4,999,1,0,0
4,5,999,1,0,0
5,6,999,1,0,0
6,7,999,1,0,0
7,8,999,0,1,0
0,1,999,1,0,0
1,2,999,1,0,0
2,3,999,1,0,0
3,4,999,1,0,0
4,5,999,0,1,0
0,1,999,1,0,0
1,2,999,1,0,0
2,3,999,1,0,0
3,4,999,0,1,0
0,1,999,1,0,0
1,2,999,1,0,0
2,3,999,1,0,0
3,4,999,1,0,0
4,5,999,1,0,0
5,6,999,0,1,0
0,1,999,1,0,0
1,2,999,1,0,0
2,3,999,1,0,0
3,4,999,1,0,0
4,5,999,0,1,0
0,1,999,1,0,0
1,2,999,1,0,0
2,3,999,1,0,0
3,4,999,1,0,0
4,5,999,0,1,0
0,1,999,1,0,0
1,2,999,1,0,0
2,3,999,1,0,0
3,4,999,1,0,0
4,5,999,1,0,0
5,6,999,0,1,0
0,1,999,1,0,0
1,2,999,1,0,0
2,3,999,1,0,0
3,4,999,1,0,0
4,5,999,0,1,0
0,1,999,1,0,0
1,2,999,1,0,0
2,3,999,1,0,13
3,4,998,2,0,0
4,5,998,1,1,0
5,6,998,1,1,0
6,7,998,1,1,0
7,8,998,1,1,0
8,9,998,0,2,0
0,1,999,1,0,0
1,2,999,1,0,0
2,3,999,1,0,0
3,4,999,1,0,0
4,5,999,0,1,0
0,1,999,1,0,0
1,2,999,1,0,0
2,3,999,1,0,0
3,4,999,0,1,0
0,1,999,1,0,0
1,2,999,1,0,0
2,3,999,1,0,0
3,4,999,1,0,0
4,5,999,1,0,0
5,6,999,1,0,0
6,7,999,1,0,0
7,8,999,0,1,0
0,1,999,1,0,0
1,2,999,1,0,0
2,3,999,1,0,0
3,4,999,0,1,0
0,1,999,1,0,0
1,2,999,1,0,0
2,3,999,1,0,0
3,4,999,1,0,0
4,5,999,1,0,0
5,6,999,1,0,0
6,7,999,1,0,0
7,8,999,1,0,0
8,9,999,0,1,0
0,1,999,1,0,0
1,2,999,1,0,0
2,3,999,1,0,0
3,4,999,1,0,0
4,5,999,1,0,0
5,6,999,1,0,0
6,7,999,1,0,0
7,8,999,0,1,0
0,1,999,1,0,0
1,2,999,1,0,0
2,3,999,1,0,0
3,4,999,1,0,0
4,5,999,0,1,0
0,1,999,1,0,0
1,2,999,1,0,0
2,3,999,1,0,0
3,4,999,0,1,0
0,1,999,1,0,0
1,2,999,1,0,0
2,3,999,1,0,0
3,4,999,1,0,0
4,5,999,1,0,0
5,6,999,0,1,0
0,1,999,1,0,0
1,2,999,1,0,0
2,3,999,1,0,0
3,4,999,0,1,0
0,1,999,1,0,0
1,2,999,1,0,0
2,3,999,1,0,0
3,4,999,0,1,0
0,1,999,1,0,0
1,2,999,1,0,18
2,3,998,2,0,14
3,4,997,2,1,0
4,5,997,2,1,0
5,6,997,2,1,0
6,7,997,2,1,0
7,8,997,1,2,0
8,9,997,0,3,0
0,1,999,1,0,0
1,2,999,1,0,0
2,3,999,1,0,0
3,4,999,1,0,0
4,5,999,1,0,0
5,6,999,1,0,0
6,7,999,0,1,0
0,1,999,1,0,0
1,2,999,1,0,0
2,3,999,1,0,0
3,4,999,1,0,0
4,5,999,1,0,0
5,6,999,0,1,0
0,1,999,1,0,0
1,2,999,1,0,0
2,3,999,1,0,0
3,4,999,1,0,0
4,5,999,1,0,0
5,6,999,0,1,0
0,1,999,1,0,0
1,2,999,1,0,0
2,3,999,1,0,0
3,4,999,1,0,0
4,5,999,1,0,0
5,6,999,1,0,0
6,7,999,1,0,0
7,8,999,1,0,0
8,9,999,0,1,0
0,1,999,1,0,0
1,2,999,1,0,0
2,3,999,1,0,0
3,4,999,1,0,0
4,5,999,0,1,0
0,1,999,1,0,0
1,2,999,1,0,0
2,3,999,1,0,0
3,4,999,1,0,0
4,5,999,0,1,0
0,1,999,1,0,0
1,2,999,1,0,0
2,3,999,1,0,0
3,4,999,1,0,0
4,5,999,1,0,0
5,6,999,0,1,0
0,1,999,1,0,0
1,2,999,1,0,0
2,3,999,1,0,0
3,4,999,1,0,0
4,5,999,1,0,0
5,6,999,1,0,0
6,7,999,1,0,0
7,8,999,0,1,0
0,1,999,1,0,0
1,2,999,1,0,0
2,3,999,1,0,0
3,4,999,0,1,0
0,1,999,1,0,0
1,2,999,1,0,0
2,3,999,1,0,0
3,4,999,1,0,0
4,5,999,0,1,0
0,1,999,1,0,0
1,2,999,1,0,0
2,3,999,1,0,0
3,4,999,0,1,0
0,1,999,1,0,0
1,2,999,1,0,0
2,3,999,1,0,0
3,4,999,1,0,0
4,5,999,1,0,0
5,6,999,0,1,0
0,1,999,1,0,0
1,2,999,1,0,0
2,3,999,1,0,0
3,4,999,1,0,0
4,5,999,1,0,0
5,6,999,1,0,0
6,7,999,0,1,0
0,1,999,1,0,0
1,2,999,1,0,0
2,3,999,1,0,0
3,4,999,1,0,0
4,5,999,0,1,0
0,1,999,1,0,0
1,2,999,1,0,0
2,3,999,1,0,0
3,4,999,1,0,0
4,5,999,0,1,0
0,1,999,1,0,0
1,2,999,1,0,0
2,3,999,1,0,0
3,4,999,1,0,0
4,5,999,1,0,0
5,6,999,1,0,0
6,7,999,0,1,0
0,1,999,1,0,0
1,2,999,1,0,0
2,3,999,1,0,0
3,4,999,1,0,0
4,5,999,0,1,0
0,1,999,1,0,0
1,2,999,1,0,0
2,3,999,1,0,0
3,4,999,1,0,0
4,5,999,1,0,0
5,6,999,0,1,0
0,1,999,1,0,0
1,2,999,1,0,0
2,3,999,1,0,0
3,4,999,0,1,0
0,1,999,1,0,0
1,2,999,1,0,0
2,3,999,1,0,0
3,4,999,1,0,0
4,5,999,0,1,0
0,1,999,1,0,0
1,2,999,1,0,0
2,3,999,1,0,0
3,4,999,0,1,0
0,1,999,1,0,0
1,2,999,1,0,0
2,3,999,1,0,0
3,4,999,1,0,0
4,5,999,0,1,0
0,1,999,1,0,0
1,2,999,1,0,0
2,3,999,1,0,0
3,4,999,1,0,0
4,5,999,1,0,0
5,6,999,0,1,0
0,1,999,1,0,0
1,2,999,1,0,0
2,3,999,1,0,0
3,4,999,0,1,0
0,1,999,1,0,0
1,2,999,1,0,0
2,3,999,1,0,0
3,4,999,1,0,0
4,5,999,1,0,0
5,6,999,1,0,0
6,7,999,1,0,0
7,8,999,1,0,0
8,9,999,1,0,0
9,10,999,1,0,0
10,11,999,0,1,0
0,1,999,1,0,0
1,2,999,1,0,0
2,3,999,1,0,0
3,4,999,1,0,0
4,5,999,1,0,0
5,6,999,0,1,0
0,1,999,1,0,0
1,2,999,1,0,0
2,3,999,1,0,0
3,4,999,0,1,0
0,1,999,1,0,0
1,2,999,1,0,0
2,3,999,1,0,0
3,4,999,1,0,0
4,5,999,0,1,0
0,1,999,1,0,0
1,2,999,1,0,0
2,3,999,1,0,0
3,4,999,1,0,0
4,5,999,1,0,0
5,6,999,1,0,0
6,7,999,0,1,0
0,1,999,1,0,0
1,2,999,1,0,0
2,3,999,1,0,0
3,4,999,0,1,0
0,1,999,1,0,0
1,2,999,1,0,0
2,3,999,1,0,0
3,4,999,1,0,0
4,5,999,1,0,0
5,6,999,0,1,0
0,1,999,1,0,0
1,2,999,1,0,0
2,3,999,1,0,0
3,4,999,0,1,0
0,1,999,1,0,0
1,2,999,1,0,0
2,3,999,1,0,0
3,4,999,1,0,0
4,5,999,0,1,0
0,1,999,1,0,0
1,2,999,1,0,0
2,3,999,1,0,0
3,4,999,0,1,0
0,1,999,1,0,0
1,2,999,1,0,0
2,3,999,1,0,0
3,4,999,1,0,0
4,5,999,1,0,0
5,6,999,1,0,0
6,7,999,0,1,0
0,1,999,1,0,0
1,2,999,1,0,0
2,3,999,1,0,0
3,4,999,1,0,0
4,5,999,0,1,0
0,1,999,1,0,0
1,2,999,1,0,0
2,3,999,1,0,0
3,4,999,1,0,0
4,5,999,1,0,0
5,6,999,1,0,0
6,7,999,1,0,0
7,8,999,1,0,0
8,9,999,1,0,0
9,10,999,0,1,0
0,1,999,1,0,0
1,2,999,1,0,0
2,3,999,1,0,0
3,4,999,1,0,0
4,5,999,0,1,0
0,1,999,1,0,0
1,2,999,1,0,0
2,3,999,1,0,0
3,4,999,0,1,0
0,1,999,1,0,0
1,2,999,1,0,0
2,3,999,1,0,0
3,4,999,1,0,0
4,5,999,1,0,0
5,6,999,1,0,0
6,7,999,0,1,0
0,1,999,1,0,0
1,2,999,1,0,0
2,3,999,1,0,0
3,4,999,1,0,0
4,5,999,1,0,0
5,6,999,0,1,0
0,1,999,1,0,0
1,2,999,1,0,0
2,3,999,1,0,0
3,4,999,1,0,0
4,5,999,1,0,0
5,6,999,1,0,0
6,7,999,1,0,0
7,8,999,0,1,0
0,1,999,1,0,0
1,2,999,1,0,0
2,3,999,1,0,0
3,4,999,0,1,0
0,1,999,1,0,0
1,2,999,1,0,0
2,3,999,1,0,0
3,4,999,1,0,0
4,5,999,0,1,0
0,1,999,1,0,0
1,2,999,1,0,0
2,3,999,1,0,0
3,4,999,0,1,0
0,1,999,1,0,0
1,2,999,1,0,0
2,3,999,1,0,0
3,4,999,0,1,0
0,1,999,1,0,0
1,2,999,1,0,0
2,3,999,1,0,0
3,4,999,1,0,0
4,5,999,1,0,0
5,6,999,1,0,0
6,7,999,0,1,0
0,1,999,1,0,0
1,2,999,1,0,0
2,3,999,1,0,0
3,4,999,1,0,0
4,5,999,1,0,0
5,6,999,0,1,0
0,1,999,1,0,0
1,2,999,1,0,0
2,3,999,1,0,17
3,4,999,0,1,0
0,1,999,1,0,0
1,2,999,1,0,0
2,3,999,1,0,0
3,4,999,1,0,0
4,5,999,1,0,0
5,6,999,1,0,0
6,7,999,0,1,0
0,1,999,1,0,14
1,2,999,1,0,8
2,3,998,2,0,0
3,4,998,1,1,18
4,5,996,3,1,0
5,6,996,2,2,0
6,7,996,2,2,13
7,8,996,2,2,0
8,9,996,0,4,0
0,1,999,1,0,0
1,2,999,1,0,0
2,3,999,1,0,0
3,4,999,1,0,0
4,5,999,1,0,0
5,6,999,0,1,0
0,1,999,1,0,0
1,2,999,1,0,0
2,3,999,1,0,0
3,4,999,1,0,0
4,5,999,1,0,0
5,6,999,0,1,0
0,1,999,1,0,0
1,2,999,1,0,0
2,3,999,1,0,0
3,4,999,1,0,0
4,5,999,0,1,0
0,1,999,1,0,0
1,2,999,1,0,0
2,3,999,1,0,0
3,4,999,1,0,0
4,5,999,0,1,0
0,1,999,1,0,0
1,2,999,1,0,0
2,3,999,1,0,0
3,4,999,1,0,0
4,5,999,0,1,0
0,1,999,1,0,0
1,2,999,1,0,0
2,3,999,1,0,0
3,4,999,1,0,0
4,5,999,0,1,0
0,1,999,1,0,0
1,2,999,1,0,0
2,3,999,1,0,0
3,4,999,0,1,0
0,1,999,1,0,0
1,2,999,1,0,0
2,3,999,1,0,0
3,4,999,1,0,0
4,5,999,1,0,0
5,6,999,0,1,0
0,1,999,1,0,0
1,2,999,1,0,0
2,3,999,1,0,0
3,4,999,1,0,0
4,5,999,0,1,0
0,1,999,1,0,0
1,2,999,1,0,0
2,3,999,1,0,0
3,4,999,0,1,0
0,1,999,1,0,0
1,2,999,1,0,0
2,3,999,1,0,0
3,4,999,0,1,0
0,1,999,1,0,0
1,2,999,1,0,0
2,3,999,1,0,0
3,4,999,1,0,0
4,5,999,1,0,0
5,6,999,0,1,0
0,1,999,1,0,0
1,2,999,1,0,0
2,3,999,1,0,0
3,4,999,1,0,0
4,5,999,1,0,0
5,6,999,0,1,0
0,1,999,1,0,0
1,2,999,1,0,0
2,3,999,1,0,0
3,4,999,1,0,0
4,5,999,0,1,0
0,1,999,1,0,0
1,2,999,1,0,0
2,3,999,1,0,0
3,4,999,1,0,0
4,5,999,0,1,0
0,1,999,1,0,0
1,2,999,1,0,0
2,3,999,1,0,0
3,4,999,1,0,0
4,5,999,0,1,0
0,1,999,1,0,0
1,2,999,1,0,0
2,3,999,1,0,0
3,4,999,1,0,0
4,5,999,0,1,0
0,1,999,1,0,0
1,2,999,1,0,0
2,3,999,1,0,0
3,4,999,1,0,0
4,5,999,1,0,0
5,6,999,0,1,0
0,1,999,1,0,0
1,2,999,1,0,0
2,3,999,1,0,0
3,4,999,1,0,0
4,5,999,1,0,0
5,6,999,0,1,0
0,1,999,1,0,0
1,2,999,1,0,0
2,3,999,1,0,0
3,4,999,1,0,0
4,5,999,1,0,0
5,6,999,0,1,0
0,1,999,1,0,0
1,2,999,1,0,0
2,3,999,1,0,0
3,4,999,1,0,0
4,5,999,0,1,0
0,1,999,1,0,0
1,2,999,1,0,0
2,3,999,1,0,0
3,4,999,1,0,0
4,5,999,1,0,0
5,6,999,1,0,0
6,7,999,0,1,0
0,1,999,1,0,0
1,2,999,1,0,0
2,3,999,1,0,0
3,4,999,1,0,0
4,5,999,1,0,0
5,6,999,1,0,0
6,7,999,0,1,0
0,1,999,1,0,0
1,2,999,1,0,0
2,3,999,1,0,0
3,4,999,1,0,0
4,5,999,0,1,0
0,1,999,1,0,0
1,2,999,1,0,0
2,3,999,1,0,0
3,4,999,1,0,0
4,5,999,1,0,0
5,6,999,0,1,0
0,1,999,1,0,0
1,2,999,1,0,0
2,3,999,1,0,0
3,4,999,1,0,0
4,5,999,1,0,0
5,6,999,0,1,0
0,1,999,1,0,0
1,2,999,1,0,0
2,3,999,1,0,0
3,4,999,1,0,0
4,5,999,0,1,0
0,1,999,1,0,0
1,2,999,1,0,0
2,3,999,1,0,0
3,4,999,1,0,0
4,5,999,0,1,0
0,1,999,1,0,0
1,2,999,1,0,0
2,3,999,1,0,0
3,4,999,1,0,0
4,5,999,0,1,0
0,1,999,1,0,0
1,2,999,1,0,0
2,3,999,1,0,0
3,4,999,1,0,0
4,5,999,0,1,0
0,1,999,1,0,0
1,2,999,1,0,0
2,3,999,1,0,0
3,4,999,1,0,0
4,5,999,1,0,0
5,6,999,1,0,0
6,7,999,0,1,0
0,1,999,1,0,0
1,2,999,1,0,0
2,3,999,1,0,0
3,4,999,1,0,0
4,5,999,0,1,0
0,1,999,1,0,0
1,2,999,1,0,0
2,3,999,1,0,0
3,4,999,0,1,0
0,1,999,1,0,0
1,2,999,1,0,0
2,3,999,1,0,0
3,4,999,0,1,0
0,1,999,1,0,0
1,2,999,1,0,0
2,3,999,1,0,0
3,4,999,1,0,0
4,5,999,1,0,0
5,6,999,1,0,0
6,7,999,0,1,0
0,1,999,1,0,0
1,2,999,1,0,0
2,3,999,1,0,0
3,4,999,1,0,0
4,5,999,0,1,0
0,1,999,1,0,0
1,2,999,1,0,0
2,3,999,1,0,0
3,4,999,1,0,0
4,5,999,0,1,0
0,1,999,1,0,0
1,2,999,1,0,0
2,3,999,1,0,0
3,4,999,1,0,0
4,5,999,0,1,0
0,1,999,1,0,0
1,2,999,1,0,0
2,3,999,1,0,0
3,4,999,1,0,0
4,5,999,1,0,0
5,6,999,0,1,0
0,1,999,1,0,0
1,2,999,1,0,0
2,3,999,1,0,0
3,4,999,1,0,0
4,5,999,1,0,0
5,6,999,1,0,0
6,7,999,0,1,0
0,1,999,1,0,0
1,2,999,1,0,0
2,3,999,1,0,0
3,4,999,1,0,0
4,5,999,1,0,0
5,6,999,0,1,0
0,1,999,1,0,0
1,2,999,1,0,0
2,3,999,1,0,0
3,4,999,1,0,0
4,5,999,1,0,0
5,6,999,1,0,0
6,7,999,1,0,0
7,8,999,0,1,0
0,1,999,1,0,0
1,2,999,1,0,0
2,3,999,1,0,0
3,4,999,1,0,0
4,5,999,0,1,0
0,1,999,1,0,0
1,2,999,1,0,0
2,3,999,1,0,0
3,4,999,1,0,0
4,5,999,1,0,0
5,6,999,0,1,0
0,1,999,1,0,0
1,2,999,1,0,0
2,3,999,1,0,0
3,4,999,0,1,0
0,1,999,1,0,0
1,2,999,1,0,0
2,3,999,1,0,0
3,4,999,0,1,0
0,1,999,1,0,0
1,2,999,1,0,0
2,3,999,1,0,0
3,4,999,1,0,0
4,5,999,0,1,0
0,1,999,1,0,0
1,2,999,1,0,0
2,3,999,1,0,0
3,4,999,0,1,0
0,1,999,1,0,0
1,2,999,1,0,0
2,3,999,1,0,0
3,4,999,1,0,0
4,5,999,1,0,0
5,6,999,0,1,0
0,1,999,1,0,0
1,2,999,1,0,0
2,3,999,1,0,0
3,4,999,1,0,0
4,5,999,1,0,0
5,6,999,1,0,0
6,7,999,0,1,0
0,1,999,1,0,0
1,2,999,1,0,0
2,3,999,1,0,0
3,4,999,1,0,0
4,5,999,0,1,0
0,1,999,1,0,0
1,2,999,1,0,0
2,3,999,1,0,0
3,4,999,0,1,0
0,1,999,1,0,0
1,2,999,1,0,0
2,3,999,1,0,0
3,4,999,0,1,0
0,1,999,1,0,0
1,2,999,1,0,0
2,3,999,1,0,0
3,4,999,1,0,0
4,5,999,0,1,0
0,1,999,1,0,0
1,2,999,1,0,0
2,3,999,1,0,0
3,4,999,0,1,0
0,1,999,1,0,0
1,2,999,1,0,0
2,3,999,1,0,0
3,4,999,1,0,0
4,5,999,0,1,0
0,1,999,1,0,0
1,2,999,1,0,0
2,3,999,1,0,0
3,4,999,1,0,0
4,5,999,1,0,0
5,6,999,1,0,0
6,7,999,1,0,0
7,8,999,1,0,0
8,9,999,1,0,0
9,10,999,0,1,0
0,1,999,1,0,0
1,2,999,1,0,0
2,3,999,1,0,0
3,4,999,0,1,0
0,1,999,1,0,0
1,2,999,1,0,0
2,3,999,1,0,0
3,4,999,1,0,0
4,5,999,0,1,0
0,1,999,1,0,18
1,2,995,5,0,8
2,3,995,5,0,0
3,4,995,5,0,0
4,5,995,3,2,0
5,6,995,0,5,0
0,1,999,1,0,0
1,2,999,1,0,0
2,3,999,1,0,0
3,4,999,0,1,0
0,1,999,1,0,0
1,2,999,1,0,0
2,3,999,1,0,0
3,4,999,1,0,0
4,5,999,1,0,0
5,6,999,0,1,0
0,1,999,1,0,0
1,2,999,1,0,0
2,3,999,1,0,0
3,4,999,1,0,0
4,5,999,0,1,0
0,1,999,1,0,0
1,2,999,1,0,0
2,3,999,1,0,0
3,4,999,1,0,18
4,5,998,1,1,0
5,6,998,1,1,0
6,7,998,1,1,15
7,8,997,1,2,0
8,9,997,1,2,17
9,10,994,4,2,15
10,11,993,5,2,0
11,12,993,5,2,15
12,13,992,6,2,0
13,14,992,3,5,4
14,15,992,2,6,0
15,16,992,2,6,0
16,17,992,1,7,0
17,18,992,1,7,0
18,19,992,0,8,0
0,1,999,1,0,0
1,2,999,1,0,0
2,3,999,1,0,0
3,4,999,1,0,0
4,5,999,0,1,0
0,1,999,1,0,0
1,2,999,1,0,0
2,3,999,1,0,0
3,4,999,0,1,0
0,1,999,1,0,0
1,2,999,1,0,0
2,3,999,1,0,0
3,4,999,1,0,0
4,5,999,0,1,0
0,1,999,1,0,0
1,2,999,1,0,0
2,3,999,1,0,0
3,4,999,0,1,0
0,1,999,1,0,0
1,2,999,1,0,0
2,3,999,1,0,0
3,4,999,0,1,0
0,1,999,1,0,0
1,2,999,1,0,0
2,3,999,1,0,0
3,4,999,1,0,0
4,5,999,0,1,0
0,1,999,1,0,0
1,2,999,1,0,0
2,3,999,1,0,0
3,4,999,1,0,0
4,5,999,1,0,0
5,6,999,1,0,0
6,7,999,1,0,0
7,8,999,1,0,0
8,9,999,0,1,0
0,1,999,1,0,0
1,2,999,1,0,0
2,3,999,1,0,0
3,4,999,1,0,0
4,5,999,1,0,0
5,6,999,0,1,0
0,1,999,1,0,0
1,2,999,1,0,0
2,3,999,1,0,0
3,4,999,1,0,0
4,5,999,1,0,0
5,6,999,0,1,0
0,1,999,1,0,0
1,2,999,1,0,0
2,3,999,1,0,0
3,4,999,1,0,0
4,5,999,1,0,0
5,6,999,1,0,0
6,7,999,1,0,0
7,8,999,0,1,0
0,1,999,1,0,0
1,2,999,1,0,0
2,3,999,1,0,0
3,4,999,0,1,0
0,1,999,1,0,0
1,2,999,1,0,0
2,3,999,1,0,0
3,4,999,0,1,0
0,1,999,1,0,0
1,2,999,1,0,0
2,3,999,1,0,0
3,4,999,0,1,0
0,1,999,1,0,0
1,2,999,1,0,0
2,3,999,1,0,18
3,4,996,4,0,0
4,5,996,4,0,1
5,6,996,3,1,4
6,7,996,1,3,3
7,8,996,0,4,0
0,1,999,1,0,0
1,2,999,1,0,0
2,3,999,1,0,0
3,4,999,0,1,0
0,1,999,1,0,0
1,2,999,1,0,0
2,3,999,1,0,0
3,4,999,0,1,0
0,1,999,1,0,0
1,2,999,1,0,0
2,3,999,1,0,0
3,4,999,1,0,0
4,5,999,1,0,0
5,6,999,0,1,0
0,1,999,1,0,0
1,2,999,1,0,0
2,3,999,1,0,0
3,4,999,1,0,0
4,5,999,1,0,0
5,6,999,0,1,0
0,1,999,1,0,0
1,2,999,1,0,0
2,3,999,1,0,0
3,4,999,1,0,0
4,5,999,1,0,0
5,6,999,0,1,0
0,1,999,1,0,0
1,2,999,1,0,0
2,3,999,1,0,0
3,4,999,1,0,0
4,5,999,0,1,0
0,1,999,1,0,0
1,2,999,1,0,0
2,3,999,1,0,0
3,4,999,1,0,0
4,5,999,0,1,0
0,1,999,1,0,22
1,2,997,3,0,65
2,3,990,10,0,13
3,4,989,11,0,23
4,5,987,11,2,13
5,6,987,10,3,0
6,7,987,6,7,0
7,8,987,4,9,17
8,9,985,5,10,0
9,10,985,4,11,0
10,11,985,3,12,0
11,12,985,1,14,0
12,13,985,1,14,0
13,14,985,1,14,0
14,15,985,0,15,0
0,1,999,1,0,0
1,2,999,1,0,0
2,3,999,1,0,0
3,4,999,1,0,0
4,5,999,1,0,0
5,6,999,1,0,0
6,7,999,0,1,0
0,1,999,1,0,0
1,2,999,1,0,0
2,3,999,1,0,0
3,4,999,0,1,0
0,1,999,1,0,0
1,2,999,1,0,0
2,3,999,1,0,0
3,4,999,0,1,0
0,1,999,1,0,0
1,2,999,1,0,0
2,3,999,1,0,0
3,4,999,1,0,0
4,5,999,1,0,0
5,6,999,1,0,0
6,7,999,0,1,0
0,1,999,1,0,0
1,2,999,1,0,0
2,3,999,1,0,0
3,4,999,1,0,0
4,5,999,1,0,0
5,6,999,1,0,0
6,7,999,0,1,0
0,1,999,1,0,0
1,2,999,1,0,0
2,3,999,1,0,0
3,4,999,1,0,0
4,5,999,1,0,0
5,6,999,1,0,0
6,7,999,0,1,0
0,1,999,1,0,0
1,2,999,1,0,0
2,3,999,1,0,0
3,4,999,0,1,0
0,1,999,1,0,0
1,2,999,1,0,0
2,3,999,1,0,0
3,4,999,1,0,0
4,5,999,0,1,0
0,1,999,1,0,0
1,2,999,1,0,0
2,3,999,1,0,0
3,4,999,0,1,0
0,1,999,1,0,0
1,2,999,1,0,0
2,3,999,1,0,0
3,4,999,1,0,0
4,5,999,0,1,0
0,1,999,1,0,0
1,2,999,1,0,0
2,3,999,1,0,0
3,4,999,1,0,0
4,5,999,1,0,0
5,6,999,1,0,0
6,7,999,0,1,0
0,1,999,1,0,0
1,2,999,1,0,0
2,3,999,1,0,0
3,4,999,1,0,0
4,5,999,1,0,0
5,6,999,1,0,0
6,7,999,1,0,0
7,8,999,0,1,0
0,1,999,1,0,0
1,2,999,1,0,0
2,3,999,1,0,0
3,4,999,0,1,0
0,1,999,1,0,0
1,2,999,1,0,0
2,3,999,1,0,0
3,4,999,1,0,0
4,5,999,1,0,0
5,6,999,0,1,0
0,1,999,1,0,0
1,2,999,1,0,0
2,3,999,1,0,0
3,4,999,0,1,0
0,1,999,1,0,0
1,2,999,1,0,0
2,3,999,1,0,0
3,4,999,1,0,0
4,5,999,1,0,0
5,6,999,1,0,0
6,7,999,0,1,0
0,1,999,1,0,0
1,2,999,1,0,0
2,3,999,1,0,0
3,4,999,1,0,0
4,5,999,1,0,0
5,6,999,0,1,0
0,1,999,1,0,0
1,2,999,1,0,0
2,3,999,1,0,0
3,4,999,1,0,0
4,5,999,1,0,0
5,6,999,0,1,0
0,1,999,1,0,0
1,2,999,1,0,0
2,3,999,1,0,0
3,4,999,1,0,0
4,5,999,1,0,0
5,6,999,0,1,0
0,1,999,1,0,0
1,2,999,1,0,0
2,3,999,1,0,0
3,4,999,0,1,0
0,1,999,1,0,0
1,2,999,1,0,0
2,3,999,1,0,0
3,4,999,1,0,0
4,5,999,0,1,0
0,1,999,1,0,0
1,2,999,1,0,0
2,3,999,1,0,0
3,4,999,1,0,0
4,5,999,1,0,0
5,6,999,0,1,0
0,1,999,1,0,0
1,2,999,1,0,0
2,3,999,1,0,7
3,4,999,1,0,0
4,5,999,0,1,0
0,1,999,1,0,0
1,2,999,1,0,0
2,3,999,1,0,0
3,4,999,1,0,0
4,5,999,1,0,0
5,6,999,1,0,0
6,7,999,0,1,0
0,1,999,1,0,0
1,2,999,1,0,0
2,3,999,1,0,0
3,4,999,1,0,0
4,5,999,1,0,0
5,6,999,1,0,0
6,7,999,1,0,0
7,8,999,0,1,0
0,1,999,1,0,0
1,2,999,1,0,0
2,3,999,1,0,0
3,4,999,1,0,0
4,5,999,0,1,0
0,1,999,1,0,0
1,2,999,1,0,0
2,3,999,1,0,0
3,4,999,0,1,0
0,1,999,1,0,0
1,2,999,1,0,0
2,3,999,1,0,0
3,4,999,1,0,0
4,5,999,1,0,0
5,6,999,1,0,0
6,7,999,0,1,0
0,1,999,1,0,0
1,2,999,1,0,0
2,3,999,1,0,0
3,4,999,1,0,0
4,5,999,0,1,0
0,1,999,1,0,0
1,2,999,1,0,0
2,3,999,1,0,0
3,4,999,0,1,0
0,1,999,1,0,0
1,2,999,1,0,0
2,3,999,1,0,0
3,4,999,1,0,0
4,5,999,1,0,0
5,6,999,0,1,0
0,1,999,1,0,0
1,2,999,1,0,0
2,3,999,1,0,0
3,4,999,0,1,0
0,1,999,1,0,0
1,2,999,1,0,0
2,3,999,1,0,0
3,4,999,1,0,0
4,5,999,1,0,0
5,6,999,0,1,0
0,1,999,1,0,0
1,2,999,1,0,0
2,3,999,1,0,0
3,4,999,0,1,0
0,1,999,1,0,0
1,2,999,1,0,0
2,3,999,1,0,0
3,4,999,0,1,0
0,1,999,1,0,0
1,2,999,1,0,0
2,3,999,1,0,0
3,4,999,1,0,0
4,5,999,0,1,0
0,1,999,1,0,0
1,2,999,1,0,0
2,3,999,1,0,0
3,4,999,1,0,0
4,5,999,1,0,0
5,6,999,1,0,0
6,7,999,0,1,0
0,1,999,1,0,15
1,2,999,1,0,17
2,3,997,3,0,0
3,4,997,3,0,0
4,5,997,3,0,27
5,6,996,3,1,0
6,7,996,3,1,0
7,8,996,2,2,0
8,9,996,2,2,0
9,10,996,2,2,23
10,11,996,2,2,6
11,12,996,2,2,0
12,13,996,0,4,0
0,1,999,1,0,0
1,2,999,1,0,0
2,3,999,1,0,0
3,4,999,0,1,0
0,1,999,1,0,0
1,2,999,1,0,0
2,3,999,1,0,0
3,4,999,1,0,0
4,5,999,1,0,0
5,6,999,1,0,0
6,7,999,1,0,0
7,8,999,1,0,0
8,9,999,1,0,0
9,10,999,0,1,0
0,1,999,1,0,0
1,2,999,1,0,0
2,3,999,1,0,0
3,4,999,0,1,0
0,1,999,1,0,0
1,2,999,1,0,0
2,3,999,1,0,0
3,4,999,1,0,0
4,5,999,1,0,0
5,6,999,0,1,0
0,1,999,1,0,0
1,2,999,1,0,0
2,3,999,1,0,0
3,4,999,0,1,0
0,1,999,1,0,0
1,2,999,1,0,0
2,3,999,1,0,0
3,4,999,1,0,0
4,5,999,0,1,0
0,1,999,1,0,0
1,2,999,1,0,0
2,3,999,1,0,0
3,4,999,1,0,0
4,5,999,1,0,0
5,6,999,1,0,0
6,7,999,0,1,0
0,1,999,1,0,0
1,2,999,1,0,0
2,3,999,1,0,0
3,4,999,0,1,0
0,1,999,1,0,0
1,2,999,1,0,0
2,3,999,1,0,0
3,4,999,1,0,0
4,5,999,0,1,0
0,1,999,1,0,0
1,2,999,1,0,0
2,3,999,1,0,0
3,4,999,1,0,0
4,5,999,0,1,0
0,1,999,1,0,0
1,2,999,1,0,0
2,3,999,1,0,0
3,4,999,1,0,0
4,5,999,1,0,0
5,6,999,0,1,0
0,1,999,1,0,0
1,2,999,1,0,0
2,3,999,1,0,0
3,4,999,0,1,0
0,1,999,1,0,0
1,2,999,1,0,0
2,3,999,1,0,0
3,4,999,1,0,0
4,5,999,0,1,0
0,1,999,1,0,0
1,2,999,1,0,0
2,3,999,1,0,0
3,4,999,0,1,0
0,1,999,1,0,0
1,2,999,1,0,0
2,3,999,1,0,0
3,4,999,1,0,0
4,5,999,0,1,0
0,1,999,1,0,0
1,2,999,1,0,0
2,3,999,1,0,0
3,4,999,1,0,0
4,5,999,0,1,0
0,1,999,1,0,0
1,2,999,1,0,0
2,3,999,1,0,0
3,4,999,1,0,0
4,5,999,1,0,0
5,6,999,1,0,0
6,7,999,1,0,0
7,8,999,1,0,0
8,9,999,0,1,0
0,1,999,1,0,0
1,2,999,1,0,0
2,3,999,1,0,0
3,4,999,1,0,0
4,5,999,0,1,0
0,1,999,1,0,0
1,2,999,1,0,0
2,3,999,1,0,0
3,4,999,1,0,0
4,5,999,1,0,0
5,6,999,0,1,0
0,1,999,1,0,0
1,2,999,1,0,0
2,3,999,1,0,0
3,4,999,1,0,0
4,5,999,1,0,0
5,6,999,0,1,0
0,1,999,1,0,0
1,2,999,1,0,0
2,3,999,1,0,0
3,4,999,1,0,20
4,5,995,5,0,8
5,6,995,4,1,0
6,7,995,4,1,0
7,8,995,1,4,0
8,9,995,1,4,0
9,10,995,1,4,0
10,11,995,1,4,0
11,12,995,0,5,0
0,1,999,1,0,0
1,2,999,1,0,0
2,3,999,1,0,0
3,4,999,0,1,0
0,1,999,1,0,0
1,2,999,1,0,0
2,3,999,1,0,0
3,4,999,0,1,0
0,1,999,1,0,0
1,2,999,1,0,0
2,3,999,1,0,0
3,4,999,0,1,0
0,1,999,1,0,0
1,2,999,1,0,0
2,3,999,1,0,0
3,4,999,0,1,0
0,1,999,1,0,0
1,2,999,1,0,0
2,3,999,1,0,0
3,4,999,0,1,0
0,1,999,1,0,0
1,2,999,1,0,0
2,3,999,1,0,0
3,4,999,1,0,0
4,5,999,1,0,0
5,6,999,0,1,0
0,1,999,1,0,0
1,2,999,1,0,0
2,3,999,1,0,0
3,4,999,1,0,0
4,5,999,1,0,0
5,6,999,0,1,0
0,1,999,1,0,0
1,2,999,1,0,0
2,3,999,1,0,0
3,4,999,1,0,0
4,5,999,0,1,0
0,1,999,1,0,0
1,2,999,1,0,0
2,3,999,1,0,0
3,4,999,1,0,23
4,5,996,3,1,0
5,6,996,3,1,0
6,7,996,3,1,0
7,8,996,3,1,20
8,9,995,3,2,26
9,10,992,5,3,18
10,11,989,7,4,0
11,12,989,7,4,31
12,13,986,10,4,24
13,14,984,10,6,28
14,15,982,10,8,35
15,16,979,10,11,0
16,17,979,9,12,21
17,18,977,10,13,32
18,19,973,12,15,17
19,20,970,12,18,19
20,21,969,10,21,24
21,22,965,11,24,0
22,23,965,10,25,0
23,24,965,8,27,34
24,25,961,10,29,38
25,26,956,15,29,41
26,27,953,14,33,0
27,28,953,11,36,10
28,29,953,6,41,0
29,30,953,3,44,0
30,31,953,1,46,0
31,32,953,1,46,0
32,33,953,0,47,0
0,1,999,1,0,0
1,2,999,1,0,0
2,3,999,1,0,0
3,4,999,1,0,0
4,5,999,0,1,0
0,1,999,1,0,9
1,2,998,2,0,0
2,3,998,2,0,0
3,4,998,1,1,3
4,5,997,2,1,29
5,6,993,5,2,0
6,7,993,5,2,16
7,8,991,7,2,0
8,9,991,5,4,17
9,10,988,8,4,33
10,11,987,6,7,19
11,12,985,6,9,5
12,13,984,6,10,30
13,14,980,9,11,0
14,15,980,6,14,0
15,16,980,5,15,0
16,17,980,2,18,0
17,18,980,1,19,0
18,19,980,0,20,0
0,1,999,1,0,0
1,2,999,1,0,0
2,3,999,1,0,0
3,4,999,1,0,0
4,5,999,1,0,0
5,6,999,0,1,0
0,1,999,1,0,0
1,2,999,1,0,0
2,3,999,1,0,0
3,4,999,0,1,0
0,1,999,1,0,0
1,2,999,1,0,0
2,3,999,1,0,0
3,4,999,0,1,0
0,1,999,1,0,0
1,2,999,1,0,0
2,3,999,1,0,0
3,4,999,0,1,0
0,1,999,1,0,0
1,2,999,1,0,0
2,3,999,1,0,0
3,4,999,1,0,0
4,5,999,1,0,0
5,6,999,0,1,0
0,1,999,1,0,0
1,2,999,1,0,0
2,3,999,1,0,0
3,4,999,0,1,0
0,1,999,1,0,0
1,2,999,1,0,0
2,3,999,1,0,0
3,4,999,1,0,0
4,5,999,1,0,0
5,6,999,0,1,0
0,1,999,1,0,0
1,2,999,1,0,0
2,3,999,1,0,0
3,4,999,1,0,0
4,5,999,0,1,0
0,1,999,1,0,0
1,2,999,1,0,0
2,3,999,1,0,0
3,4,999,1,0,0
4,5,999,1,0,0
5,6,999,1,0,0
6,7,999,0,1,0
0,1,999,1,0,0
1,2,999,1,0,0
2,3,999,1,0,0
3,4,999,0,1,0
0,1,999,1,0,0
1,2,999,1,0,0
2,3,999,1,0,0
3,4,999,1,0,0
4,5,999,1,0,0
5,6,999,1,0,0
6,7,999,1,0,0
7,8,999,1,0,0
8,9,999,0,1,0
0,1,999,1,0,0
1,2,999,1,0,0
2,3,999,1,0,0
3,4,999,1,0,0
4,5,999,1,0,0
5,6,999,0,1,0
0,1,999,1,0,0
1,2,999,1,0,0
2,3,999,1,0,18
3,4,998,2,0,0
4,5,998,2,0,0
5,6,998,1,1,0
6,7,998,0,2,0
0,1,999,1,0,0
1,2,999,1,0,0
2,3,999,1,0,0
3,4,999,1,0,0
4,5,999,1,0,0
5,6,999,1,0,0
6,7,999,0,1,0
0,1,999,1,0,0
1,2,999,1,0,0
2,3,999,1,0,0
3,4,999,0,1,0
0,1,999,1,0,0
1,2,999,1,0,0
2,3,999,1,0,0
3,4,999,1,0,0
4,5,999,0,1,0
0,1,999,1,0,0
1,2,999,1,0,0
2,3,999,1,0,0
3,4,999,1,0,0
4,5,999,1,0,0
5,6,999,0,1,0
0,1,999,1,0,0
1,2,999,1,0,0
2,3,999,1,0,0
3,4,999,1,0,0
4,5,999,0,1,0
0,1,999,1,0,0
1,2,999,1,0,0
2,3,999,1,0,0
3,4,999,0,1,0
0,1,999,1,0,0
1,2,999,1,0,0
2,3,999,1,0,0
3,4,999,1,0,0
4,5,999,0,1,0
0,1,999,1,0,0
1,2,999,1,0,0
2,3,999,1,0,0
3,4,999,1,0,0
4,5,999,0,1,0
0,1,999,1,0,0
1,2,999,1,0,0
2,3,999,1,0,0
3,4,999,1,0,0
4,5,999,0,1,0
0,1,999,1,0,15
1,2,998,2,0,0
2,3,998,2,0,0
3,4,998,2,0,0
4,5,998,2,0,0
5,6,998,0,2,0
0,1,999,1,0,0
1,2,999,1,0,0
2,3,999,1,0,0
3,4,999,1,0,0
4,5,999,1,0,0
5,6,999,1,0,0
6,7,999,1,0,0
7,8,999,1,0,0
8,9,999,0,1,0
0,1,999,1,0,0
1,2,999,1,0,0
2,3,999,1,0,0
3,4,999,1,0,0
4,5,999,0,1,0
0,1,999,1,0,0
1,2,999,1,0,0
2,3,999,1,0,0
3,4,999,0,1,0
0,1,999,1,0,0
1,2,999,1,0,0
2,3,999,1,0,0
3,4,999,1,0,0
4,5,999,1,0,0
5,6,999,1,0,0
6,7,999,0,1,0
0,1,999,1,0,0
1,2,999,1,0,12
2,3,999,1,0,0
3,4,999,0,1,0
0,1,999,1,0,0
1,2,999,1,0,0
2,3,999,1,0,0
3,4,999,1,0,0
4,5,999,0,1,0
0,1,999,1,0,0
1,2,999,1,0,0
2,3,999,1,0,0
3,4,999,0,1,0
0,1,999,1,0,0
1,2,999,1,0,0
2,3,999,1,0,0
3,4,999,1,0,0
4,5,999,0,1,0
0,1,999,1,0,0
1,2,999,1,0,0
2,3,999,1,0,0
3,4,999,1,0,0
4,5,999,1,0,0
5,6,999,0,1,0
0,1,999,1,0,0
1,2,999,1,0,0
2,3,999,1,0,0
3,4,999,1,0,0
4,5,999,0,1,0
0,1,999,1,0,0
1,2,999,1,0,0
2,3,999,1,0,0
3,4,999,1,0,0
4,5,999,0,1,0
0,1,999,1,0,0
1,2,999,1,0,0
2,3,999,1,0,0
3,4,999,1,0,0
4,5,999,0,1,0
0,1,999,1,0,0
1,2,999,1,0,0
2,3,999,1,0,0
3,4,999,1,0,0
4,5,999,0,1,0
0,1,999,1,0,0
1,2,999,1,0,0
2,3,999,1,0,0
3,4,999,1,0,0
4,5,999,1,0,0
5,6,999,1,0,0
6,7,999,0,1,0
0,1,999,1,0,0
1,2,999,1,0,0
2,3,999,1,0,0
3,4,999,0,1,0
0,1,999,1,0,0
1,2,999,1,0,0
2,3,999,1,0,0
3,4,999,1,0,0
4,5,999,1,0,0
5,6,999,0,1,0
0,1,999,1,0,0
1,2,999,1,0,0
2,3,999,1,0,0
3,4,999,1,0,0
4,5,999,0,1,0
0,1,999,1,0,0
1,2,999,1,0,0
2,3,999,1,0,0
3,4,999,0,1,0
0,1,999,1,0,0
1,2,999,1,0,0
2,3,999,1,0,0
3,4,999,1,0,0
4,5,999,1,0,0
5,6,999,1,0,0
6,7,999,1,0,0
7,8,999,1,0,0
8,9,999,1,0,0
9,10,999,0,1,0
0,1,999,1,0,0
1,2,999,1,0,0
2,3,999,1,0,0
3,4,999,1,0,0
4,5,999,0,1,0
0,1,999,1,0,0
1,2,999,1,0,0
2,3,999,1,0,0
3,4,999,0,1,0
0,1,999,1,0,0
1,2,999,1,0,0
2,3,999,1,0,0
3,4,999,1,0,0
4,5,999,0,1,0
0,1,999,1,0,0
1,2,999,1,0,0
2,3,999,1,0,0
3,4,999,0,1,0
0,1,999,1,0,0
1,2,999,1,0,0
2,3,999,1,0,0
3,4,999,1,0,0
4,5,999,1,0,0
5,6,999,0,1,0
0,1,999,1,0,0
1,2,999,1,0,0
2,3,999,1,0,0
3,4,999,1,0,0
4,5,999,0,1,0
0,1,999,1,0,0
1,2,999,1,0,0
2,3,999,1,0,0
3,4,999,1,0,0
4,5,999,0,1,0
0,1,999,1,0,0
1,2,999,1,0,0
2,3,999,1,0,0
3,4,999,1,0,0
4,5,999,0,1,0
0,1,999,1,0,0
1,2,999,1,0,0
2,3,999,1,0,0
3,4,999,1,0,0
4,5,999,0,1,0
0,1,999,1,0,0
1,2,999,1,0,0
2,3,999,1,0,0
3,4,999,1,0,0
4,5,999,1,0,0
5,6,999,0,1,0
0,1,999,1,0,0
1,2,999,1,0,0
2,3,999,1,0,0
3,4,999,1,0,0
4,5,999,1,0,0
5,6,999,1,0,0
6,7,999,0,1,0
0,1,999,1,0,0
1,2,999,1,0,0
2,3,999,1,0,0
3,4,999,1,0,0
4,5,999,1,0,0
5,6,999,0,1,0
0,1,999,1,0,0
1,2,999,1,0,0
2,3,999,1,0,0
3,4,999,0,1,0
0,1,999,1,0,0
1,2,999,1,0,0
2,3,999,1,0,0
3,4,999,1,0,0
4,5,999,1,0,0
5,6,999,0,1,0
0,1,999,1,0,0
1,2,999,1,0,0
2,3,999,1,0,0
3,4,999,0,1,0
0,1,999,1,0,0
1,2,999,1,0,0
2,3,999,1,0,0
3,4,999,1,0,0
4,5,999,1,0,0
5,6,999,1,0,0
6,7,999,1,0,0
7,8,999,0,1,0
0,1,999,1,0,0
1,2,999,1,0,0
2,3,999,1,0,0
3,4,999,1,0,0
4,5,999,0,1,0
0,1,999,1,0,0
1,2,999,1,0,0
2,3,999,1,0,0
3,4,999,1,0,0
4,5,999,0,1,0
0,1,999,1,0,0
1,2,999,1,0,0
2,3,999,1,0,0
3,4,999,1,0,15
4,5,997,3,0,6
5,6,995,5,0,22
6,7,991,8,1,14
7,8,988,9,3,25
8,9,985,10,5,48
9,10,978,15,7,34
10,11,974,17,9,0
11,12,974,14,12,24
12,13,971,11,18,14
13,14,970,10,20,12
14,15,967,9,24,15
15,16,967,7,26,0
16,17,967,5,28,0
17,18,967,2,31,0
18,19,967,1,32,0
19,20,967,1,32,0
20,21,967,1,32,0
21,22,967,0,33,0
0,1,999,1,0,0
1,2,999,1,0,0
2,3,999,1,0,0
3,4,999,1,0,0
4,5,999,1,0,0
5,6,999,0,1,0
0,1,999,1,0,0
1,2,999,1,0,0
2,3,999,1,0,0
3,4,999,1,0,0
4,5,999,1,0,0
5,6,999,1,0,25
6,7,997,2,1,24
7,8,996,3,1,8
8,9,996,3,1,0
9,10,996,3,1,27
10,11,995,3,2,0
11,12,995,3,2,0
12,13,995,3,2,15
13,14,994,3,3,0
14,15,994,3,3,13
15,16,994,2,4,0
16,17,994,2,4,0
17,18,994,1,5,19
18,19,992,2,6,0
19,20,992,2,6,0
20,21,992,2,6,0
21,22,992,2,6,0
22,23,992,2,6,25
23,24,986,6,8,36
24,25,984,8,8,16
25,26,981,11,8,0
26,27,981,9,10,14
27,28,976,10,14,41
28,29,971,13,16,30
29,30,969,15,16,53
30,31,965,15,20,26
31,32,960,17,23,21
32,33,958,13,29,20
33,34,956,12,32,22
34,35,953,10,37,0
35,36,953,8,39,4
36,37,952,8,40,15
37,38,951,6,43,16
38,39,950,4,46,0
39,40,950,3,47,27
40,41,946,5,49,23
41,42,945,5,50,0
42,43,945,5,50,10
43,44,943,4,53,10
44,45,943,4,53,15
45,46,940,7,53,0
46,47,940,5,55,0
47,48,940,4,56,0
48,49,940,2,58,0
49,50,940,2,58,0
50,51,940,1,59,0
51,52,940,1,59,0
52,53,940,0,60,0
0,1,999,1,0,0
1,2,999,1,0,0
2,3,999,1,0,0
3,4,999,0,1,0
0,1,999,1,0,0
1,2,999,1,0,0
2,3,999,1,0,0
3,4,999,0,1,0
0,1,999,1,0,0
1,2,999,1,0,0
2,3,999,1,0,0
3,4,999,1,0,0
4,5,999,1,0,0
5,6,999,1,0,0
6,7,999,1,0,0
7,8,999,0,1,0
0,1,999,1,0,0
1,2,999,1,0,0
2,3,999,1,0,0
3,4,999,0,1,0
0,1,999,1,0,0
1,2,999,1,0,0
2,3,999,1,0,0
3,4,999,1,0,0
4,5,999,1,0,0
5,6,999,0,1,0
0,1,999,1,0,0
1,2,999,1,0,0
2,3,999,1,0,0
3,4,999,0,1,0
0,1,999,1,0,0
1,2,999,1,0,0
2,3,999,1,0,0
3,4,999,1,0,0
4,5,999,0,1,0
0,1,999,1,0,0
1,2,999,1,0,0
2,3,999,1,0,0
3,4,999,1,0,0
4,5,999,1,0,0
5,6,999,0,1,0
0,1,999,1,0,0
1,2,999,1,0,0
2,3,999,1,0,0
3,4,999,1,0,0
4,5,999,1,0,0
5,6,999,1,0,0
6,7,999,1,0,0
7,8,999,1,0,0
8,9,999,0,1,0
0,1,999,1,0,0
1,2,999,1,0,0
2,3,999,1,0,0
3,4,999,1,0,0
4,5,999,1,0,0
5,6,999,1,0,0
6,7,999,0,1,0
0,1,999,1,0,0
1,2,999,1,0,0
2,3,999,1,0,0
3,4,999,0,1,0
0,1,999,1,0,0
1,2,999,1,0,0
2,3,999,1,0,0
3,4,999,1,0,0
4,5,999,0,1,0
0,1,999,1,0,0
1,2,999,1,0,0
2,3,999,1,0,0
3,4,999,0,1,0
0,1,999,1,0,0
1,2,999,1,0,0
2,3,999,1,0,0
3,4,999,0,1,0
0,1,999,1,0,0
1,2,999,1,0,0
2,3,999,1,0,0
3,4,999,1,0,0
4,5,999,1,0,0
5,6,999,1,0,0
6,7,999,0,1,0
0,1,999,1,0,0
1,2,999,1,0,0
2,3,999,1,0,0
3,4,999,1,0,0
4,5,999,1,0,0
5,6,999,0,1,0
0,1,999,1,0,0
1,2,999,1,0,0
2,3,999,1,0,0
3,4,999,1,0,0
4,5,999,0,1,0
0,1,999,1,0,0
1,2,999,1,0,0
2,3,999,1,0,0
3,4,999,1,0,0
4,5,999,1,0,0
5,6,999,0,1,0
0,1,999,1,0,0
1,2,999,1,0,0
2,3,999,1,0,0
3,4,999,1,0,0
4,5,999,1,0,0
5,6,999,0,1,0
0,1,999,1,0,0
1,2,999,1,0,3
2,3,999,1,0,0
3,4,999,1,0,0
4,5,999,0,1,0
0,1,999,1,0,0
1,2,999,1,0,0
2,3,999,1,0,0
3,4,999,1,0,0
4,5,999,1,0,0
5,6,999,0,1,0
0,1,999,1,0,0
1,2,999,1,0,0
2,3,999,1,0,0
3,4,999,1,0,6
4,5,998,1,1,0
5,6,998,1,1,0
6,7,998,1,1,0
7,8,998,1,1,0
8,9,998,1,1,0
9,10,998,1,1,0
10,11,998,1,1,0
11,12,998,0,2,0
0,1,999,1,0,0
1,2,999,1,0,0
2,3,999,1,0,0
3,4,999,1,0,0
4,5,999,0,1,0
0,1,999,1,0,0
1,2,999,1,0,0
2,3,999,1,0,0
3,4,999,1,0,0
4,5,999,1,0,0
5,6,999,0,1,0
0,1,999,1,0,0
1,2,999,1,0,0
2,3,999,1,0,0
3,4,999,1,0,0
4,5,999,1,0,16
5,6,994,5,1,20
6,7,990,9,1,42
7,8,987,12,1,21
8,9,986,12,2,89
9,10,977,18,5,26
10,11,975,16,9,36
11,12,971,18,11,12
12,13,969,16,15,18
13,14,968,14,18,0
14,15,968,10,22,0
15,16,968,7,25,15
16,17,967,4,29,15
17,18,967,2,31,0
18,19,967,1,32,0
19,20,967,1,32,0
20,21,967,1,32,0
21,22,967,1,32,0
22,23,967,1,32,11
23,24,967,1,32,0
24,25,967,0,33,0
0,1,999,1,0,0
1,2,999,1,0,0
2,3,999,1,0,0
3,4,999,1,0,0
4,5,999,1,0,0
5,6,999,1,0,0
6,7,999,1,0,0
7,8,999,0,1,0
0,1,999,1,0,0
1,2,999,1,0,0
2,3,999,1,0,0
3,4,999,1,0,0
4,5,999,1,0,0
5,6,999,0,1,0
0,1,999,1,0,0
1,2,999,1,0,0
2,3,999,1,0,0
3,4,999,1,0,0
4,5,999,1,0,0
5,6,999,0,1,0
0,1,999,1,0,0
1,2,999,1,0,0
2,3,999,1,0,0
3,4,999,1,0,0
4,5,999,1,0,0
5,6,999,1,0,0
6,7,999,0,1,0
0,1,999,1,0,0
1,2,999,1,0,0
2,3,999,1,0,0
3,4,999,0,1,0
0,1,999,1,0,0
1,2,999,1,0,0
2,3,999,1,0,0
3,4,999,1,0,0
4,5,999,1,0,0
5,6,999,1,0,0
6,7,999,1,0,0
7,8,999,0,1,0
0,1,999,1,0,0
1,2,999,1,0,0
2,3,999,1,0,0
3,4,999,1,0,0
4,5,999,1,0,0
5,6,999,1,0,0
6,7,999,0,1,0
0,1,999,1,0,0
1,2,999,1,0,0
2,3,999,1,0,0
3,4,999,0,1,0
0,1,999,1,0,0
1,2,999,1,0,0
2,3,999,1,0,0
3,4,999,0,1,0
0,1,999,1,0,0
1,2,999,1,0,0
2,3,999,1,0,0
3,4,999,1,0,0
4,5,999,1,0,0
5,6,999,1,0,0
6,7,999,1,0,0
7,8,999,0,1,0
0,1,999,1,0,0
1,2,999,1,0,0
2,3,999,1,0,0
3,4,999,1,0,0
4,5,999,1,0,0
5,6,999,0,1,0
0,1,999,1,0,0
1,2,999,1,0,0
2,3,999,1,0,0
3,4,999,1,0,0
4,5,999,0,1,0
0,1,999,1,0,0
1,2,999,1,0,0
2,3,999,1,0,0
3,4,999,1,0,0
4,5,999,1,0,0
5,6,999,0,1,0
0,1,999,1,0,0
1,2,999,1,0,0
2,3,999,1,0,0
3,4,999,1,0,0
4,5,999,1,0,0
5,6,999,1,0,0
6,7,999,0,1,0
0,1,999,1,0,0
1,2,999,1,0,0
2,3,999,1,0,0
3,4,999,1,0,0
4,5,999,0,1,0
0,1,999,1,0,0
1,2,999,1,0,0
2,3,999,1,0,0
3,4,999,1,0,0
4,5,999,0,1,0
0,1,999,1,0,0
1,2,999,1,0,0
2,3,999,1,0,0
3,4,999,0,1,0
0,1,999,1,0,0
1,2,999,1,0,0
2,3,999,1,0,0
3,4,999,1,0,0
4,5,999,1,0,0
5,6,999,0,1,0
0,1,999,1,0,0
1,2,999,1,0,0
2,3,999,1,0,0
3,4,999,1,0,0
4,5,999,1,0,0
5,6,999,0,1,0
0,1,999,1,0,0
1,2,999,1,0,0
2,3,999,1,0,0
3,4,999,1,0,0
4,5,999,1,0,0
5,6,999,0,1,0
0,1,999,1,0,0
1,2,999,1,0,0
2,3,999,1,0,0
3,4,999,1,0,0
4,5,999,1,0,0
5,6,999,0,1,0
0,1,999,1,0,0
1,2,999,1,0,0
2,3,999,1,0,0
3,4,999,0,1,0
0,1,999,1,0,0
1,2,999,1,0,0
2,3,999,1,0,0
3,4,999,0,1,0
0,1,999,1,0,0
1,2,999,1,0,0
2,3,999,1,0,0
3,4,999,1,0,0
4,5,999,1,0,0
5,6,999,1,0,0
6,7,999,1,0,0
7,8,999,0,1,0
0,1,999,1,0,0
1,2,999,1,0,0
2,3,999,1,0,0
3,4,999,1,0,0
4,5,999,1,0,0
5,6,999,1,0,0
6,7,999,1,0,0
7,8,999,0,1,0
0,1,999,1,0,0
1,2,999,1,0,0
2,3,999,1,0,0
3,4,999,1,0,0
4,5,999,1,0,0
5,6,999,1,0,0
6,7,999,0,1,0
0,1,999,1,0,0
1,2,999,1,0,0
2,3,999,1,0,0
3,4,999,1,0,0
4,5,999,1,0,0
5,6,999,1,0,0
6,7,999,0,1,0
0,1,999,1,0,0
1,2,999,1,0,0
2,3,999,1,0,0
3,4,999,1,0,0
4,5,999,0,1,0
0,1,999,1,0,0
1,2,999,1,0,0
2,3,999,1,0,0
3,4,999,1,0,0
4,5,999,0,1,0
0,1,999,1,0,0
1,2,999,1,0,0
2,3,999,1,0,0
3,4,999,1,0,0
4,5,999,1,0,0
5,6,999,0,1,0
0,1,999,1,0,0
1,2,999,1,0,0
2,3,999,1,0,0
3,4,999,1,0,0
4,5,999,1,0,0
5,6,999,1,0,0
6,7,999,0,1,0
0,1,999,1,0,0
1,2,999,1,0,0
2,3,999,1,0,0
3,4,999,1,0,0
4,5,999,0,1,0
0,1,999,1,0,0
1,2,999,1,0,0
2,3,999,1,0,0
3,4,999,1,0,0
4,5,999,0,1,0
0,1,999,1,0,0
1,2,999,1,0,0
2,3,999,1,0,0
3,4,999,0,1,0
0,1,999,1,0,0
1,2,999,1,0,0
2,3,999,1,0,0
3,4,999,1,0,0
4,5,999,1,0,0
5,6,999,1,0,0
6,7,999,1,0,0
7,8,999,1,0,0
8,9,999,1,0,0
9,10,999,0,1,0
0,1,999,1,0,0
1,2,999,1,0,0
2,3,999,1,0,0
3,4,999,1,0,0
4,5,999,1,0,0
5,6,999,0,1,0
0,1,999,1,0,0
1,2,999,1,0,0
2,3,999,1,0,0
3,4,999,1,0,0
4,5,999,0,1,0
0,1,999,1,0,0
1,2,999,1,0,0
2,3,999,1,0,0
3,4,999,1,0,0
4,5,999,0,1,0
0,1,999,1,0,0
1,2,999,1,0,0
2,3,999,1,0,0
3,4,999,1,0,0
4,5,999,1,0,0
5,6,999,1,0,0
6,7,999,0,1,0
0,1,999,1,0,0
1,2,999,1,0,0
2,3,999,1,0,0
3,4,999,0,1,0
0,1,999,1,0,0
1,2,999,1,0,0
2,3,999,1,0,0
3,4,999,0,1,0
0,1,999,1,0,0
1,2,999,1,0,0
2,3,999,1,0,0
3,4,999,0,1,0
0,1,999,1,0,0
1,2,999,1,0,0
2,3,999,1,0,0
3,4,999,0,1,0
0,1,999,1,0,0
1,2,999,1,0,0
2,3,999,1,0,0
3,4,999,1,0,0
4,5,999,1,0,0
5,6,999,0,1,0
0,1,999,1,0,0
1,2,999,1,0,0
2,3,999,1,0,0
3,4,999,1,0,0
4,5,999,1,0,0
5,6,999,0,1,0
0,1,999,1,0,0
1,2,999,1,0,0
2,3,999,1,0,0
3,4,999,1,0,0
4,5,999,1,0,0
5,6,999,1,0,0
6,7,999,0,1,0
0,1,999,1,0,0
1,2,999,1,0,0
2,3,999,1,0,0
3,4,999,1,0,0
4,5,999,1,0,0
5,6,999,1,0,0
6,7,999,0,1,0
0,1,999,1,0,0
1,2,999,1,0,0
2,3,999,1,0,0
3,4,999,0,1,0
0,1,999,1,0,0
1,2,999,1,0,0
2,3,999,1,0,0
3,4,999,1,0,0
4,5,999,0,1,0
0,1,999,1,0,0
1,2,999,1,0,0
2,3,999,1,0,0
3,4,999,1,0,0
4,5,999,0,1,0
0,1,999,1,0,0
1,2,999,1,0,0
2,3,999,1,0,0
3,4,999,1,0,0
4,5,999,0,1,0
0,1,999,1,0,0
1,2,999,1,0,0
2,3,999,1,0,0
3,4,999,0,1,0
0,1,999,1,0,0
1,2,999,1,0,0
2,3,999,1,0,0
3,4,999,1,0,0
4,5,999,1,0,0
5,6,999,0,1,0
0,1,999,1,0,0
1,2,999,1,0,0
2,3,999,1,0,0
3,4,999,1,0,0
4,5,999,1,0,0
5,6,999,1,0,0
6,7,999,1,0,0
7,8,999,1,0,0
8,9,999,0,1,0
0,1,999,1,0,0
1,2,999,1,0,0
2,3,999,1,0,0
3,4,999,0,1,0
0,1,999,1,0,0
1,2,999,1,0,0
2,3,999,1,0,0
3,4,999,1,0,0
4,5,999,1,0,0
5,6,999,1,0,0
6,7,999,0,1,0
0,1,999,1,0,0
1,2,999,1,0,0
2,3,999,1,0,0
3,4,999,1,0,0
4,5,999,1,0,0
5,6,999,1,0,0
6,7,999,1,0,0
7,8,999,1,0,0
8,9,999,0,1,0
0,1,999,1,0,0
1,2,999,1,0,0
2,3,999,1,0,0
3,4,999,0,1,0
0,1,999,1,0,0
1,2,999,1,0,0
2,3,999,1,0,0
3,4,999,1,0,0
4,5,999,1,0,0
5,6,999,1,0,0
6,7,999,1,0,0
7,8,999,0,1,0
0,1,999,1,0,0
1,2,999,1,0,0
2,3,999,1,0,0
3,4,999,0,1,0
0,1,999,1,0,0
1,2,999,1,0,0
2,3,999,1,0,0
3,4,999,0,1,0
0,1,999,1,0,0
1,2,999,1,0,0
2,3,999,1,0,0
3,4,999,1,0,0
4,5,999,1,0,0
5,6,999,1,0,0
6,7,999,1,0,0
7,8,999,1,0,0
8,9,999,1,0,0
9,10,999,1,0,0
10,11,999,0,1,0
0,1,999,1,0,0
1,2,999,1,0,0
2,3,999,1,0,0
3,4,999,1,0,0
4,5,999,1,0,0
5,6,999,1,0,0
6,7,999,0,1,0
0,1,999,1,0,0
1,2,999,1,0,0
2,3,999,1,0,0
3,4,999,0,1,0
0,1,999,1,0,0
1,2,999,1,0,0
2,3,999,1,0,0
3,4,999,1,0,0
4,5,999,1,0,0
5,6,999,0,1,0
0,1,999,1,0,0
1,2,999,1,0,0
2,3,999,1,0,0
3,4,999,1,0,0
4,5,999,0,1,0
0,1,999,1,0,0
1,2,999,1,0,0
2,3,999,1,0,0
3,4,999,1,0,0
4,5,999,0,1,0
0,1,999,1,0,0
1,2,999,1,0,0
2,3,999,1,0,0
3,4,999,1,0,0
4,5,999,0,1,0
0,1,999,1,0,0
1,2,999,1,0,0
2,3,999,1,0,0
3,4,999,1,0,0
4,5,999,0,1,0
0,1,999,1,0,0
1,2,999,1,0,0
2,3,999,1,0,0
3,4,999,1,0,0
4,5,999,0,1,0
0,1,999,1,0,0
1,2,999,1,0,0
2,3,999,1,0,0
3,4,999,1,0,0
4,5,999,1,0,0
5,6,999,0,1,0
0,1,999,1,0,0
1,2,999,1,0,0
2,3,999,1,0,0
3,4,999,1,0,0
4,5,999,1,0,0
5,6,999,1,0,0
6,7,999,0,1,0
0,1,999,1,0,0
1,2,999,1,0,0
2,3,999,1,0,0
3,4,999,0,1,0
0,1,999,1,0,0
1,2,999,1,0,0
2,3,999,1,0,0
3,4,999,1,0,0
4,5,999,1,0,0
5,6,999,1,0,0
6,7,999,0,1,0
0,1,999,1,0,0
1,2,999,1,0,0
2,3,999,1,0,0
3,4,999,1,0,0
4,5,999,0,1,0
0,1,999,1,0,0
1,2,999,1,0,0
2,3,999,1,0,0
3,4,999,1,0,0
4,5,999,0,1,0
0,1,999,1,0,0
1,2,999,1,0,0
2,3,999,1,0,0
3,4,999,1,0,0
4,5,999,0,1,0
0,1,999,1,0,0
1,2,999,1,0,0
2,3,999,1,0,0
3,4,999,1,0,0
4,5,999,1,0,0
5,6,999,1,0,0
6,7,999,1,0,0
7,8,999,1,0,0
8,9,999,0,1,0
0,1,999,1,0,0
1,2,999,1,0,0
2,3,999,1,0,0
3,4,999,1,0,0
4,5,999,0,1,0
0,1,999,1,0,0
1,2,999,1,0,0
2,3,999,1,0,0
3,4,999,0,1,0
0,1,999,1,0,0
1,2,999,1,0,0
2,3,999,1,0,0
3,4,999,1,0,0
4,5,999,1,0,0
5,6,999,1,0,0
6,7,999,1,0,0
7,8,999,0,1,0
0,1,999,1,0,0
1,2,999,1,0,0
2,3,999,1,0,0
3,4,999,1,0,0
4,5,999,0,1,0
0,1,999,1,0,0
1,2,999,1,0,0
2,3,999,1,0,0
3,4,999,1,0,0
4,5,999,1,0,0
5,6,999,0,1,0
0,1,999,1,0,0
1,2,999,1,0,0
2,3,999,1,0,0
3,4,999,1,0,0
4,5,999,0,1,0
0,1,999,1,0,0
1,2,999,1,0,0
2,3,999,1,0,0
3,4,999,1,0,0
4,5,999,1,0,0
5,6,999,1,0,0
6,7,999,1,0,0
7,8,999,0,1,0
0,1,999,1,0,0
1,2,999,1,0,0
2,3,999,1,0,0
3,4,999,1,0,0
4,5,999,0,1,0
0,1,999,1,0,0
1,2,999,1,0,0
2,3,999,1,0,0
3,4,999,1,0,0
4,5,999,1,0,0
5,6,999,0,1,0
0,1,999,1,0,0
1,2,999,1,0,0
2,3,999,1,0,0
3,4,999,1,0,0
4,5,999,0,1,0
0,1,999,1,0,0
1,2,999,1,0,0
2,3,999,1,0,0
3,4,999,1,0,0
4,5,999,1,0,0
5,6,999,1,0,0
6,7,999,0,1,0
0,1,999,1,0,0
1,2,999,1,0,0
2,3,999,1,0,0
3,4,999,1,0,0
4,5,999,0,1,0
0,1,999,1,0,0
1,2,999,1,0,0
2,3,999,1,0,0
3,4,999,0,1,0
0,1,999,1,0,0
1,2,999,1,0,0
2,3,999,1,0,0
3,4,999,1,0,0
4,5,999,1,0,0
5,6,999,0,1,0
0,1,999,1,0,0
1,2,999,1,0,0
2,3,999,1,0,0
3,4,999,1,0,0
4,5,999,1,0,0
5,6,999,1,0,0
6,7,999,0,1,0
0,1,999,1,0,0
1,2,999,1,0,0
2,3,999,1,0,0
3,4,999,1,0,0
4,5,999,1,0,0
5,6,999,0,1,0
0,1,999,1,0,0
1,2,999,1,0,0
2,3,999,1,0,0
3,4,999,0,1,0
0,1,999,1,0,0
1,2,999,1,0,0
2,3,999,1,0,0
3,4,999,1,0,0
4,5,999,1,0,0
5,6,999,1,0,0
6,7,999,1,0,0
7,8,999,1,0,0
8,9,999,0,1,0
0,1,999,1,0,0
1,2,999,1,0,0
2,3,999,1,0,0
3,4,999,1,0,0
4,5,999,0,1,0
0,1,999,1,0,0
1,2,999,1,0,0
2,3,999,1,0,0
3,4,999,1,0,0
4,5,999,1,0,0
5,6,999,0,1,0
0,1,999,1,0,0
1,2,999,1,0,0
2,3,999,1,0,0
3,4,999,1,0,0
4,5,999,0,1,0
0,1,999,1,0,0
1,2,999,1,0,0
2,3,999,1,0,0
3,4,999,1,0,0
4,5,999,1,0,0
5,6,999,1,0,0
6,7,999,0,1,0
0,1,999,1,0,0
1,2,999,1,0,0
2,3,999,1,0,0
3,4,999,1,0,0
4,5,999,1,0,0
5,6,999,1,0,0
6,7,999,0,1,0
0,1,999,1,0,0
1,2,999,1,0,0
2,3,999,1,0,0
3,4,999,1,0,0
4,5,999,0,1,0
0,1,999,1,0,0
1,2,999,1,0,0
2,3,999,1,0,0
3,4,999,1,0,0
4,5,999,0,1,0
0,1,999,1,0,0
1,2,999,1,0,0
2,3,999,1,0,0
3,4,999,0,1,0
0,1,999,1,0,0
1,2,999,1,0,0
2,3,999,1,0,0
3,4,999,1,0,0
4,5,999,1,0,0
5,6,999,0,1,0
0,1,999,1,0,0
1,2,999,1,0,0
2,3,999,1,0,0
3,4,999,1,0,0
4,5,999,1,0,0
5,6,999,1,0,0
6,7,999,1,0,0
7,8,999,0,1,0
0,1,999,1,0,0
1,2,999,1,0,0
2,3,999,1,0,0
3,4,999,1,0,0
4,5,999,0,1,0
0,1,999,1,0,0
1,2,999,1,0,0
2,3,999,1,0,0
3,4,999,1,0,0
4,5,999,1,0,0
5,6,999,0,1,0
0,1,999,1,0,0
1,2,999,1,0,0
2,3,999,1,0,0
3,4,999,1,0,0
4,5,999,0,1,0
0,1,999,1,0,0
1,2,999,1,0,0
2,3,999,1,0,0
3,4,999,1,0,0
4,5,999,0,1,0
0,1,999,1,0,0
1,2,999,1,0,0
2,3,999,1,0,0
3,4,999,1,0,0
4,5,999,1,0,0
5,6,999,1,0,0
6,7,999,1,0,0
7,8,999,0,1,0
0,1,999,1,0,0
1,2,999,1,0,0
2,3,999,1,0,0
3,4,999,1,0,0
4,5,999,0,1,0
0,1,999,1,0,0
1,2,999,1,0,0
2,3,999,1,0,0
3,4,999,1,0,0
4,5,999,1,0,0
5,6,999,0,1,0
0,1,999,1,0,0
1,2,999,1,0,0
2,3,999,1,0,0
3,4,999,1,0,0
4,5,999,0,1,0
0,1,999,1,0,0
1,2,999,1,0,0
2,3,999,1,0,0
3,4,999,1,0,0
4,5,999,1,0,0
5,6,999,0,1,0
0,1,999,1,0,0
1,2,999,1,0,0
2,3,999,1,0,0
3,4,999,1,0,0
4,5,999,1,0,0
5,6,999,1,0,0
6,7,999,1,0,0
7,8,999,1,0,0
8,9,999,0,1,0
0,1,999,1,0,0
1,2,999,1,0,14
2,3,998,2,0,18
3,4,997,3,0,0
4,5,997,2,1,0
5,6,997,1,2,0
6,7,997,1,2,0
7,8,997,0,3,0
0,1,999,1,0,0
1,2,999,1,0,0
2,3,999,1,0,0
3,4,999,1,0,0
4,5,999,0,1,0
0,1,999,1,0,0
1,2,999,1,0,0
2,3,999,1,0,0
3,4,999,1,0,0
4,5,999,1,0,0
5,6,999,1,0,0
6,7,999,1,0,0
7,8,999,0,1,0
0,1,999,1,0,0
1,2,999,1,0,0
2,3,999,1,0,0
3,4,999,1,0,0
4,5,999,0,1,0
0,1,999,1,0,0
1,2,999,1,0,0
2,3,999,1,0,0
3,4,999,0,1,0
0,1,999,1,0,0
1,2,999,1,0,0
2,3,999,1,0,0
3,4,999,1,0,0
4,5,999,1,0,0
5,6,999,0,1,0
0,1,999,1,0,11
1,2,998,2,0,17
2,3,996,4,0,0
3,4,996,4,0,12
4,5,993,5,2,0
5,6,993,5,2,20
6,7,991,7,2,15
7,8,988,8,4,0
8,9,988,7,5,11
9,10,988,6,6,0
10,11,988,6,6,8
11,12,987,6,7,35
12,13,985,5,10,15
13,14,984,5,11,0
14,15,984,5,11,0
15,16,984,2,14,0
16,17,984,1,15,0
17,18,984,0,16,0
0,1,999,1,0,0
1,2,999,1,0,0
2,3,999,1,0,0
3,4,999,1,0,0
4,5,999,1,0,0
5,6,999,0,1,0
0,1,999,1,0,0
1,2,999,1,0,0
2,3,999,1,0,0
3,4,999,0,1,0
0,1,999,1,0,0
1,2,999,1,0,0
2,3,999,1,0,0
3,4,999,1,0,0
4,5,999,0,1,0
0,1,999,1,0,0
1,2,999,1,0,0
2,3,999,1,0,0
3,4,999,1,0,0
4,5,999,1,0,0
5,6,999,0,1,0
0,1,999,1,0,0
1,2,999,1,0,0
2,3,999,1,0,0
3,4,999,1,0,0
4,5,999,1,0,0
5,6,999,1,0,0
6,7,999,1,0,0
7,8,999,1,0,0
8,9,999,0,1,0
0,1,999,1,0,0
1,2,999,1,0,0
2,3,999,1,0,0
3,4,999,0,1,0
0,1,999,1,0,0
1,2,999,1,0,0
2,3,999,1,0,0
3,4,999,1,0,0
4,5,999,0,1,0
0,1,999,1,0,0
1,2,999,1,0,0
2,3,999,1,0,0
3,4,999,1,0,0
4,5,999,0,1,0
0,1,999,1,0,0
1,2,999,1,0,0
2,3,999,1,0,0
3,4,999,1,0,0
4,5,999,0,1,0
0,1,999,1,0,0
1,2,999,1,0,0
2,3,999,1,0,0
3,4,999,1,0,0
4,5,999,1,0,0
5,6,999,0,1,0
0,1,999,1,0,0
1,2,999,1,0,0
2,3,999,1,0,0
3,4,999,1,0,0
4,5,999,1,0,0
5,6,999,1,0,0
6,7,999,1,0,0
7,8,999,1,0,0
8,9,999,0,1,0
0,1,999,1,0,0
1,2,999,1,0,0
2,3,999,1,0,0
3,4,999,0,1,0
0,1,999,1,0,0
1,2,999,1,0,0
2,3,999,1,0,0
3,4,999,1,0,0
4,5,999,1,0,0
5,6,999,1,0,0
6,7,999,0,1,0
0,1,999,1,0,0
1,2,999,1,0,0
2,3,999,1,0,0
3,4,999,1,0,0
4,5,999,0,1,0
0,1,999,1,0,0
1,2,999,1,0,0
2,3,999,1,0,0
3,4,999,0,1,0
0,1,999,1,0,0
1,2,999,1,0,0
2,3,999,1,0,0
3,4,999,1,0,0
4,5,999,1,0,0
5,6,999,1,0,0
6,7,999,1,0,0
7,8,999,1,0,0
8,9,999,0,1,0
0,1,999,1,0,0
1,2,999,1,0,0
2,3,999,1,0,0
3,4,999,1,0,0
4,5,999,0,1,0
0,1,999,1,0,0
1,2,999,1,0,0
2,3,999,1,0,0
3,4,999,0,1,0
0,1,999,1,0,0
1,2,999,1,0,0
2,3,999,1,0,0
3,4,999,1,0,0
4,5,999,0,1,0
0,1,999,1,0,0
1,2,999,1,0,0
2,3,999,1,0,0
3,4,999,1,0,0
4,5,999,1,0,0
5,6,999,1,0,0
6,7,999,0,1,0
0,1,999,1,0,0
1,2,999,1,0,0
2,3,999,1,0,0
3,4,999,1,0,0
4,5,999,1,0,0
5,6,999,0,1,0
0,1,999,1,0,0
1,2,999,1,0,0
2,3,999,1,0,0
3,4,999,1,0,0
4,5,999,1,0,0
5,6,999,1,0,0
6,7,999,0,1,0
0,1,999,1,0,0
1,2,999,1,0,0
2,3,999,1,0,0
3,4,999,0,1,0
0,1,999,1,0,0
1,2,999,1,0,0
2,3,999,1,0,0
3,4,999,0,1,0
0,1,999,1,0,0
1,2,999,1,0,0
2,3,999,1,0,0
3,4,999,1,0,0
4,5,999,1,0,0
5,6,999,1,0,0
6,7,999,0,1,0
0,1,999,1,0,0
1,2,999,1,0,0
2,3,999,1,0,0
3,4,999,1,0,0
4,5,999,0,1,0
0,1,999,1,0,0
1,2,999,1,0,0
2,3,999,1,0,0
3,4,999,0,1,0
0,1,999,1,0,0
1,2,999,1,0,0
2,3,999,1,0,0
3,4,999,1,0,0
4,5,999,1,0,0
5,6,999,1,0,0
6,7,999,0,1,0
0,1,999,1,0,0
1,2,999,1,0,0
2,3,999,1,0,0
3,4,999,1,0,0
4,5,999,1,0,0
5,6,999,1,0,0
6,7,999,0,1,0
0,1,999,1,0,0
1,2,999,1,0,0
2,3,999,1,0,11
3,4,999,0,1,0
0,1,999,1,0,0
1,2,999,1,0,0
2,3,999,1,0,0
3,4,999,1,0,0
4,5,999,0,1,0
0,1,999,1,0,0
1,2,999,1,0,0
2,3,999,1,0,0
3,4,999,1,0,0
4,5,999,1,0,0
5,6,999,1,0,0
6,7,999,1,0,0
7,8,999,1,0,0
8,9,999,1,0,0
9,10,999,0,1,0
0,1,999,1,0,0
1,2,999,1,0,0
2,3,999,1,0,0
3,4,999,0,1,0
0,1,999,1,0,0
1,2,999,1,0,0
2,3,999,1,0,0
3,4,999,1,0,0
4,5,999,1,0,0
5,6,999,1,0,0
6,7,999,0,1,0
0,1,999,1,0,0
1,2,999,1,0,0
2,3,999,1,0,0
3,4,999,0,1,0
0,1,999,1,0,0
1,2,999,1,0,0
2,3,999,1,0,0
3,4,999,1,0,0
4,5,999,1,0,0
5,6,999,0,1,0
0,1,999,1,0,0
1,2,999,1,0,0
2,3,999,1,0,0
3,4,999,1,0,0
4,5,999,1,0,0
5,6,999,0,1,0
0,1,999,1,0,0
1,2,999,1,0,0
2,3,999,1,0,0
3,4,999,1,0,0
4,5,999,0,1,0
0,1,999,1,0,0
1,2,999,1,0,0
2,3,999,1,0,0
3,4,999,1,0,0
4,5,999,0,1,0
0,1,999,1,0,0
1,2,999,1,0,0
2,3,999,1,0,0
3,4,999,1,0,0
4,5,999,1,0,0
5,6,999,0,1,0
0,1,999,1,0,0
1,2,999,1,0,0
2,3,999,1,0,0
3,4,999,1,0,0
4,5,999,0,1,0
0,1,999,1,0,0
1,2,999,1,0,0
2,3,999,1,0,0
3,4,999,1,0,0
4,5,999,0,1,0
0,1,999,1,0,0
1,2,999,1,0,0
2,3,999,1,0,0
3,4,999,1,0,0
4,5,999,1,0,0
5,6,999,1,0,0
6,7,999,1,0,0
7,8,999,0,1,0
0,1,999,1,0,0
1,2,999,1,0,0
2,3,999,1,0,0
3,4,999,0,1,0
0,1,999,1,0,0
1,2,999,1,0,0
2,3,999,1,0,0
3,4,999,1,0,0
4,5,999,1,0,0
5,6,999,0,1,0
0,1,999,1,0,0
1,2,999,1,0,0
2,3,999,1,0,0
3,4,999,1,0,0
4,5,999,0,1,0
0,1,999,1,0,0
1,2,999,1,0,0
2,3,999,1,0,0
3,4,999,1,0,0
4,5,999,1,0,0
5,6,999,1,0,0
6,7,999,0,1,0
0,1,999,1,0,0
1,2,999,1,0,0
2,3,999,1,0,0
3,4,999,0,1,0
0,1,999,1,0,0
1,2,999,1,0,0
2,3,999,1,0,0
3,4,999,1,0,0
4,5,999,1,0,0
5,6,999,1,0,0
6,7,999,1,0,0
7,8,999,0,1,0
0,1,999,1,0,0
1,2,999,1,0,0
2,3,999,1,0,0
3,4,999,0,1,0
0,1,999,1,0,0
1,2,999,1,0,0
2,3,999,1,0,0
3,4,999,1,0,0
4,5,999,1,0,0
5,6,999,0,1,0
0,1,999,1,0,0
1,2,999,1,0,0
2,3,999,1,0,0
3,4,999,0,1,0
0,1,999,1,0,0
1,2,999,1,0,0
2,3,999,1,0,0
3,4,999,1,0,0
4,5,999,1,0,0
5,6,999,1,0,0
6,7,999,1,0,0
7,8,999,0,1,0
0,1,999,1,0,0
1,2,999,1,0,0
2,3,999,1,0,0
3,4,999,1,0,0
4,5,999,0,1,0
0,1,999,1,0,0
1,2,999,1,0,0
2,3,999,1,0,0
3,4,999,1,0,0
4,5,999,1,0,0
5,6,999,1,0,0
6,7,999,0,1,0
0,1,999,1,0,0
1,2,999,1,0,0
2,3,999,1,0,0
3,4,999,0,1,0
0,1,999,1,0,0
1,2,999,1,0,0
2,3,999,1,0,0
3,4,999,0,1,0
0,1,999,1,0,0
1,2,999,1,0,0
2,3,999,1,0,0
3,4,999,1,0,0
4,5,999,1,0,0
5,6,999,1,0,0
6,7,999,1,0,0
7,8,999,1,0,0
8,9,999,0,1,0
0,1,999,1,0,0
1,2,999,1,0,0
2,3,999,1,0,0
3,4,999,1,0,0
4,5,999,1,0,0
5,6,999,0,1,0
0,1,999,1,0,0
1,2,999,1,0,0
2,3,999,1,0,0
3,4,999,1,0,0
4,5,999,0,1,0
0,1,999,1,0,0
1,2,999,1,0,0
2,3,999,1,0,0
3,4,999,1,0,0
4,5,999,1,0,0
5,6,999,0,1,0
0,1,999,1,0,0
1,2,999,1,0,0
2,3,999,1,0,0
3,4,999,0,1,0
0,1,999,1,0,0
1,2,999,1,0,0
2,3,999,1,0,0
3,4,999,1,0,0
4,5,999,1,0,0
5,6,999,0,1,0
0,1,999,1,0,0
1,2,999,1,0,0
2,3,999,1,0,0
3,4,999,1,0,0
4,5,999,0,1,0
0,1,999,1,0,0
1,2,999,1,0,0
2,3,999,1,0,0
3,4,999,1,0,0
4,5,999,0,1,0
0,1,999,1,0,0
1,2,999,1,0,0
2,3,999,1,0,0
3,4,999,1,0,0
4,5,999,0,1,0
0,1,999,1,0,0
1,2,999,1,0,0
2,3,999,1,0,0
3,4,999,0,1,0
0,1,999,1,0,0
1,2,999,1,0,0
2,3,999,1,0,0
3,4,999,1,0,0
4,5,999,0,1,0
0,1,999,1,0,0
1,2,999,1,0,0
2,3,999,1,0,0
3,4,999,0,1,0
0,1,999,1,0,0
1,2,999,1,0,0
2,3,999,1,0,0
3,4,999,1,0,0
4,5,999,0,1,0
0,1,999,1,0,0
1,2,999,1,0,0
2,3,999,1,0,0
3,4,999,1,0,0
4,5,999,0,1,0
0,1,999,1,0,0
1,2,999,1,0,0
2,3,999,1,0,0
3,4,999,1,0,0
4,5,999,1,0,0
5,6,999,0,1,0
0,1,999,1,0,0
1,2,999,1,0,0
2,3,999,1,0,0
3,4,999,1,0,0
4,5,999,0,1,0
0,1,999,1,0,0
1,2,999,1,0,0
2,3,999,1,0,0
3,4,999,1,0,0
4,5,999,1,0,0
5,6,999,0,1,0
0,1,999,1,0,0
1,2,999,1,0,0
2,3,999,1,0,0
3,4,999,1,0,0
4,5,999,0,1,0
0,1,999,1,0,0
1,2,999,1,0,0
2,3,999,1,0,0
3,4,999,0,1,0
0,1,999,1,0,0
1,2,999,1,0,0
2,3,999,1,0,0
3,4,999,0,1,0
0,1,999,1,0,0
1,2,999,1,0,0
2,3,999,1,0,0
3,4,999,0,1,0
0,1,999,1,0,0
1,2,999,1,0,0
2,3,999,1,0,0
3,4,999,1,0,0
4,5,999,1,0,0
5,6,999,0,1,0
0,1,999,1,0,0
1,2,999,1,0,0
2,3,999,1,0,0
3,4,999,0,1,0
0,1,999,1,0,0
1,2,999,1,0,0
2,3,999,1,0,0
3,4,999,0,1,0
0,1,999,1,0,0
1,2,999,1,0,0
2,3,999,1,0,0
3,4,999,1,0,0
4,5,999,1,0,0
5,6,999,1,0,0
6,7,999,1,0,0
7,8,999,1,0,0
8,9,999,1,0,0
9,10,999,0,1,0
0,1,999,1,0,0
1,2,999,1,0,0
2,3,999,1,0,0
3,4,999,0,1,0
0,1,999,1,0,0
1,2,999,1,0,0
2,3,999,1,0,0
3,4,999,1,0,0
4,5,999,1,0,0
5,6,999,1,0,0
6,7,999,1,0,0
7,8,999,1,0,0
8,9,999,1,0,0
9,10,999,0,1,0
0,1,999,1,0,0
1,2,999,1,0,0
2,3,999,1,0,0
3,4,999,1,0,0
4,5,999,1,0,0
5,6,999,1,0,0
6,7,999,0,1,0
0,1,999,1,0,0
1,2,999,1,0,0
2,3,999,1,0,0
3,4,999,0,1,0
0,1,999,1,0,0
1,2,999,1,0,0
2,3,999,1,0,0
3,4,999,1,0,0
4,5,999,1,0,0
5,6,999,1,0,0
6,7,999,1,0,0
7,8,999,1,0,0
8,9,999,0,1,0
0,1,999,1,0,0
1,2,999,1,0,0
2,3,999,1,0,0
3,4,999,0,1,0
0,1,999,1,0,0
1,2,999,1,0,0
2,3,999,1,0,0
3,4,999,1,0,0
4,5,999,1,0,0
5,6,999,0,1,0
0,1,999,1,0,0
1,2,999,1,0,0
2,3,999,1,0,0
3,4,999,1,0,0
4,5,999,0,1,0
0,1,999,1,0,0
1,2,999,1,0,0
2,3,999,1,0,0
3,4,999,1,0,0
4,5,999,1,0,0
5,6,999,1,0,0
6,7,999,0,1,0
0,1,999,1,0,0
1,2,999,1,0,0
2,3,999,1,0,0
3,4,999,1,0,0
4,5,999,0,1,0
0,1,999,1,0,0
1,2,999,1,0,0
2,3,999,1,0,0
3,4,999,0,1,0
0,1,999,1,0,0
1,2,999,1,0,0
2,3,999,1,0,0
3,4,999,1,0,0
4,5,999,0,1,0
0,1,999,1,0,0
1,2,999,1,0,0
2,3,999,1,0,0
3,4,999,1,0,0
4,5,999,0,1,0
0,1,999,1,0,0
1,2,999,1,0,0
2,3,999,1,0,0
3,4,999,1,0,0
4,5,999,1,0,0
5,6,999,1,0,0
6,7,999,1,0,0
7,8,999,1,0,0
8,9,999,0,1,0
0,1,999,1,0,0
1,2,999,1,0,0
2,3,999,1,0,0
3,4,999,1,0,0
4,5,999,0,1,0
0,1,999,1,0,0
1,2,999,1,0,0
2,3,999,1,0,0
3,4,999,1,0,0
4,5,999,0,1,0
0,1,999,1,0,0
1,2,999,1,0,0
2,3,999,1,0,0
3,4,999,0,1,0
0,1,999,1,0,0
1,2,999,1,0,0
2,3,999,1,0,0
3,4,999,0,1,0
0,1,999,1,0,0
1,2,999,1,0,6
2,3,999,1,0,0
3,4,999,1,0,0
4,5,999,0,1,0
0,1,999,1,0,0
1,2,999,1,0,0
2,3,999,1,0,0
3,4,999,0,1,0
0,1,999,1,0,0
1,2,999,1,0,0
2,3,999,1,0,0
3,4,999,1,0,0
4,5,999,0,1,0
0,1,999,1,0,0
1,2,999,1,0,0
2,3,999,1,0,0
3,4,999,1,0,0
4,5,999,0,1,0
0,1,999,1,0,0
1,2,999,1,0,0
2,3,999,1,0,0
3,4,999,1,0,0
4,5,999,0,1,0
0,1,999,1,0,0
1,2,999,1,0,0
2,3,999,1,0,0
3,4,999,1,0,0
4,5,999,1,0,0
5,6,999,0,1,0
0,1,999,1,0,0
1,2,999,1,0,0
2,3,999,1,0,0
3,4,999,1,0,0
4,5,999,1,0,0
5,6,999,1,0,0
6,7,999,1,0,0
7,8,999,0,1,0
0,1,999,1,0,0
1,2,999,1,0,0
2,3,999,1,0,0
3,4,999,1,0,0
4,5,999,1,0,0
5,6,999,1,0,0
6,7,999,0,1,0
0,1,999,1,0,0
1,2,999,1,0,0
2,3,999,1,0,0
3,4,999,1,0,0
4,5,999,1,0,0
5,6,999,0,1,0
0,1,999,1,0,0
1,2,999,1,0,0
2,3,999,1,0,0
3,4,999,1,0,0
4,5,999,0,1,0
0,1,999,1,0,0
1,2,999,1,0,0
2,3,999,1,0,0
3,4,999,1,0,0
4,5,999,1,0,0
5,6,999,0,1,0
0,1,999,1,0,0
1,2,999,1,0,0
2,3,999,1,0,0
3,4,999,1,0,0
4,5,999,1,0,0
5,6,999,1,0,0
6,7,999,0,1,0
0,1,999,1,0,0
1,2,999,1,0,0
2,3,999,1,0,0
3,4,999,1,0,0
4,5,999,1,0,0
5,6,999,1,0,0
6,7,999,1,0,0
7,8,999,1,0,0
8,9,999,1,0,0
9,10,999,0,1,0
0,1,999,1,0,0
1,2,999,1,0,0
2,3,999,1,0,0
3,4,999,1,0,0
4,5,999,1,0,0
5,6,999,0,1,0
0,1,999,1,0,0
1,2,999,1,0,0
2,3,999,1,0,0
3,4,999,1,0,0
4,5,999,1,0,0
5,6,999,0,1,0
0,1,999,1,0,0
1,2,999,1,0,0
2,3,999,1,0,0
3,4,999,1,0,0
4,5,999,0,1,0
0,1,999,1,0,0
1,2,999,1,0,0
2,3,999,1,0,0
3,4,999,1,0,0
4,5,999,1,0,0
5,6,999,0,1,0
0,1,999,1,0,0
1,2,999,1,0,0
2,3,999,1,0,0
3,4,999,1,0,0
4,5,999,1,0,0
5,6,999,1,0,0
6,7,999,1,0,0
7,8,999,1,0,0
8,9,999,0,1,0
0,1,999,1,0,0
1,2,999,1,0,0
2,3,999,1,0,19
3,4,998,2,0,0
4,5,998,2,0,0
5,6,998,2,0,11
6,7,997,3,0,0
7,8,997,2,1,0
8,9,997,1,2,0
9,10,997,0,3,0
0,1,999,1,0,0
1,2,999,1,0,0
2,3,999,1,0,0
3,4,999,1,0,0
4,5,999,1,0,0
5,6,999,1,0,0
6,7,999,1,0,0
7,8,999,0,1,0
0,1,999,1,0,0
1,2,999,1,0,0
2,3,999,1,0,0
3,4,999,0,1,0
0,1,999,1,0,0
1,2,999,1,0,0
2,3,999,1,0,0
3,4,999,1,0,0
4,5,999,1,0,0
5,6,999,1,0,0
6,7,999,0,1,0
0,1,999,1,0,0
1,2,999,1,0,0
2,3,999,1,0,0
3,4,999,0,1,0
0,1,999,1,0,0
1,2,999,1,0,0
2,3,999,1,0,0
3,4,999,1,0,0
4,5,999,1,0,0
5,6,999,1,0,0
6,7,999,0,1,0
0,1,999,1,0,0
1,2,999,1,0,0
2,3,999,1,0,0
3,4,999,1,0,0
4,5,999,0,1,0
0,1,999,1,0,0
1,2,999,1,0,0
2,3,999,1,0,0
3,4,999,1,0,0
4,5,999,1,0,0
5,6,999,1,0,0
6,7,999,0,1,0
0,1,999,1,0,0
1,2,999,1,0,0
2,3,999,1,0,0
3,4,999,0,1,0
0,1,999,1,0,0
1,2,999,1,0,0
2,3,999,1,0,0
3,4,999,1,0,0
4,5,999,0,1,0
0,1,999,1,0,0
1,2,999,1,0,0
2,3,999,1,0,0
3,4,999,0,1,0
0,1,999,1,0,0
1,2,999,1,0,0
2,3,999,1,0,0
3,4,999,0,1,0
0,1,999,1,0,0
1,2,999,1,0,0
2,3,999,1,0,0
3,4,999,1,0,0
4,5,999,0,1,0
0,1,999,1,0,0
1,2,999,1,0,0
2,3,999,1,0,0
3,4,999,0,1,0
0,1,999,1,0,0
1,2,999,1,0,0
2,3,999,1,0,0
3,4,999,1,0,0
4,5,999,0,1,0
0,1,999,1,0,0
1,2,999,1,0,0
2,3,999,1,0,0
3,4,999,1,0,0
4,5,999,0,1,0
0,1,999,1,0,0
1,2,999,1,0,0
2,3,999,1,0,0
3,4,999,1,0,0
4,5,999,1,0,0
5,6,999,1,0,0
6,7,999,0,1,0
0,1,999,1,0,0
1,2,999,1,0,0
2,3,999,1,0,0
3,4,999,1,0,0
4,5,999,0,1,0
0,1,999,1,0,0
1,2,999,1,0,0
2,3,999,1,0,0
3,4,999,1,0,0
4,5,999,1,0,0
5,6,999,1,0,0
6,7,999,1,0,0
7,8,999,1,0,0
8,9,999,1,0,0
9,10,999,0,1,0
0,1,999,1,0,0
1,2,999,1,0,0
2,3,999,1,0,0
3,4,999,1,0,0
4,5,999,0,1,0
0,1,999,1,0,0
1,2,999,1,0,0
2,3,999,1,0,0
3,4,999,1,0,0
4,5,999,1,0,0
5,6,999,1,0,0
6,7,999,0,1,0
0,1,999,1,0,0
1,2,999,1,0,0
2,3,999,1,0,0
3,4,999,1,0,0
4,5,999,1,0,0
5,6,999,1,0,0
6,7,999,1,0,0
7,8,999,1,0,0
8,9,999,1,0,0
9,10,999,1,0,0
10,11,999,1,0,0
11,12,999,0,1,0
0,1,999,1,0,0
1,2,999,1,0,0
2,3,999,1,0,0
3,4,999,1,0,0
4,5,999,1,0,0
5,6,999,1,0,0
6,7,999,1,0,0
7,8,999,0,1,0
0,1,999,1,0,0
1,2,999,1,0,0
2,3,999,1,0,0
3,4,999,1,0,0
4,5,999,1,0,0
5,6,999,1,0,0
6,7,999,0,1,0
0,1,999,1,0,0
1,2,999,1,0,0
2,3,999,1,0,0
3,4,999,1,0,0
4,5,999,1,0,0
5,6,999,0,1,0
0,1,999,1,0,0
1,2,999,1,0,0
2,3,999,1,0,0
3,4,999,1,0,0
4,5,999,0,1,0
0,1,999,1,0,0
1,2,999,1,0,0
2,3,999,1,0,0
3,4,999,1,0,0
4,5,999,1,0,0
5,6,999,0,1,0
0,1,999,1,0,0
1,2,999,1,0,0
2,3,999,1,0,0
3,4,999,1,0,0
4,5,999,1,0,0
5,6,999,0,1,0
0,1,999,1,0,0
1,2,999,1,0,0
2,3,999,1,0,0
3,4,999,0,1,0
0,1,999,1,0,0
1,2,999,1,0,0
2,3,999,1,0,0
3,4,999,1,0,0
4,5,999,1,0,0
5,6,999,0,1,0
0,1,999,1,0,0
1,2,999,1,0,0
2,3,999,1,0,0
3,4,999,0,1,0
0,1,999,1,0,0
1,2,999,1,0,0
2,3,999,1,0,0
3,4,999,0,1,0
0,1,999,1,0,0
1,2,999,1,0,0
2,3,999,1,0,0
3,4,999,1,0,0
4,5,999,0,1,0
0,1,999,1,0,0
1,2,999,1,0,0
2,3,999,1,0,0
3,4,999,1,0,0
4,5,999,1,0,0
5,6,999,1,0,0
6,7,999,1,0,0
7,8,999,0,1,0
0,1,999,1,0,0
1,2,999,1,0,0
2,3,999,1,0,0
3,4,999,1,0,0
4,5,999,0,1,0
0,1,999,1,0,0
1,2,999,1,0,0
2,3,999,1,0,0
3,4,999,0,1,0
0,1,999,1,0,0
1,2,999,1,0,0
2,3,999,1,0,0
3,4,999,1,0,0
4,5,999,0,1,0
0,1,999,1,0,0
1,2,999,1,0,0
2,3,999,1,0,0
3,4,999,0,1,0
0,1,999,1,0,0
1,2,999,1,0,0
2,3,999,1,0,0
3,4,999,0,1,0
0,1,999,1,0,0
1,2,999,1,0,0
2,3,999,1,0,0
3,4,999,0,1,0
0,1,999,1,0,0
1,2,999,1,0,0
2,3,999,1,0,0
3,4,999,0,1,0
0,1,999,1,0,0
1,2,999,1,0,0
2,3,999,1,0,0
3,4,999,1,0,0
4,5,999,1,0,0
5,6,999,0,1,0
0,1,999,1,0,0
1,2,999,1,0,0
2,3,999,1,0,0
3,4,999,1,0,0
4,5,999,1,0,0
5,6,999,0,1,0
0,1,999,1,0,0
1,2,999,1,0,0
2,3,999,1,0,0
3,4,999,1,0,0
4,5,999,1,0,0
5,6,999,1,0,0
6,7,999,1,0,0
7,8,999,1,0,5
8,9,999,0,1,0
0,1,999,1,0,0
1,2,999,1,0,0
2,3,999,1,0,0
3,4,999,1,0,0
4,5,999,0,1,0
0,1,999,1,0,0
1,2,999,1,0,0
2,3,999,1,0,0
3,4,999,1,0,0
4,5,999,0,1,0
0,1,999,1,0,0
1,2,999,1,0,0
2,3,999,1,0,0
3,4,999,0,1,0
0,1,999,1,0,0
1,2,999,1,0,0
2,3,999,1,0,0
3,4,999,1,0,0
4,5,999,1,0,0
5,6,999,0,1,0
0,1,999,1,0,0
1,2,999,1,0,0
2,3,999,1,0,0
3,4,999,1,0,0
4,5,999,1,0,0
5,6,999,1,0,0
6,7,999,1,0,0
7,8,999,0,1,0
0,1,999,1,0,0
1,2,999,1,0,0
2,3,999,1,0,0
3,4,999,1,0,0
4,5,999,0,1,0
0,1,999,1,0,0
1,2,999,1,0,0
2,3,999,1,0,0
3,4,999,1,0,0
4,5,999,0,1,0
0,1,999,1,0,0
1,2,999,1,0,0
2,3,999,1,0,0
3,4,999,1,0,0
4,5,999,1,0,0
5,6,999,1,0,0
6,7,999,1,0,0
7,8,999,1,0,0
8,9,999,0,1,0
0,1,999,1,0,0
1,2,999,1,0,0
2,3,999,1,0,0
3,4,999,1,0,0
4,5,999,1,0,0
5,6,999,1,0,0
6,7,999,0,1,0
0,1,999,1,0,0
1,2,999,1,0,0
2,3,999,1,0,0
3,4,999,0,1,0
0,1,999,1,0,0
1,2,999,1,0,0
2,3,999,1,0,0
3,4,999,1,0,0
4,5,999,1,0,0
5,6,999,0,1,0
0,1,999,1,0,0
1,2,999,1,0,0
2,3,999,1,0,0
3,4,999,1,0,0
4,5,999,0,1,0
0,1,999,1,0,0
1,2,999,1,0,0
2,3,999,1,0,0
3,4,999,0,1,0
0,1,999,1,0,0
1,2,999,1,0,0
2,3,999,1,0,0
3,4,999,1,0,0
4,5,999,1,0,0
5,6,999,0,1,0
0,1,999,1,0,0
1,2,999,1,0,0
2,3,999,1,0,0
3,4,999,0,1,0
0,1,999,1,0,0
1,2,999,1,0,0
2,3,999,1,0,0
3,4,999,1,0,0
4,5,999,1,0,0
5,6,999,0,1,0
0,1,999,1,0,0
1,2,999,1,0,0
2,3,999,1,0,0
3,4,999,0,1,0
0,1,999,1,0,0
1,2,999,1,0,0
2,3,999,1,0,0
3,4,999,1,0,0
4,5,999,1,0,0
5,6,999,1,0,19
6,7,997,3,0,0
7,8,997,2,1,0
8,9,997,2,1,0
9,10,997,1,2,0
10,11,997,1,2,0
11,12,997,1,2,0
12,13,997,0,3,0
0,1,999,1,0,0
1,2,999,1,0,0
2,3,999,1,0,0
3,4,999,0,1,0
0,1,999,1,0,0
1,2,999,1,0,0
2,3,999,1,0,0
3,4,999,1,0,0
4,5,999,1,0,0
5,6,999,0,1,0
0,1,999,1,0,0
1,2,999,1,0,0
2,3,999,1,0,0
3,4,999,1,0,0
4,5,999,1,0,0
5,6,999,0,1,0
0,1,999,1,0,0
1,2,999,1,0,0
2,3,999,1,0,0
3,4,999,0,1,0
0,1,999,1,0,0
1,2,999,1,0,0
2,3,999,1,0,0
3,4,999,1,0,0
4,5,999,1,0,0
5,6,999,1,0,0
6,7,999,1,0,0
7,8,999,0,1,0
0,1,999,1,0,0
1,2,999,1,0,0
2,3,999,1,0,24
3,4,996,3,1,0
4,5,996,3,1,22
5,6,995,4,1,23
6,7,993,5,2,16
7,8,993,4,3,2
8,9,993,2,5,18
9,10,993,1,6,0
10,11,993,1,6,0
11,12,993,0,7,0
0,1,999,1,0,0
1,2,999,1,0,0
2,3,999,1,0,0
3,4,999,1,0,0
4,5,999,1,0,0
5,6,999,0,1,0
0,1,999,1,0,0
1,2,999,1,0,0
2,3,999,1,0,0
3,4,999,1,0,0
4,5,999,0,1,0
0,1,999,1,0,0
1,2,999,1,0,0
2,3,999,1,0,0
3,4,999,1,0,0
4,5,999,1,0,0
5,6,999,0,1,0
0,1,999,1,0,0
1,2,999,1,0,0
2,3,999,1,0,0
3,4,999,0,1,0
0,1,999,1,0,0
1,2,999,1,0,0
2,3,999,1,0,0
3,4,999,1,0,0
4,5,999,1,0,0
5,6,999,0,1,0
0,1,999,1,0,0
1,2,999,1,0,0
2,3,999,1,0,0
3,4,999,1,0,0
4,5,999,0,1,0
0,1,999,1,0,0
1,2,999,1,0,0
2,3,999,1,0,0
3,4,999,0,1,0
0,1,999,1,0,0
1,2,999,1,0,0
2,3,999,1,0,0
3,4,999,1,0,0
4,5,999,1,0,0
5,6,999,1,0,0
6,7,999,0,1,0
0,1,999,1,0,0
1,2,999,1,0,0
2,3,999,1,0,0
3,4,999,0,1,0
0,1,999,1,0,0
1,2,999,1,0,0
2,3,999,1,0,0
3,4,999,1,0,0
4,5,999,0,1,0
0,1,999,1,0,0
1,2,999,1,0,0
2,3,999,1,0,0
3,4,999,0,1,0
0,1,999,1,0,15
1,2,999,1,0,0
2,3,999,1,0,0
3,4,999,1,0,0
4,5,999,0,1,0
0,1,999,1,0,0
1,2,999,1,0,0
2,3,999,1,0,0
3,4,999,1,0,0
4,5,999,1,0,0
5,6,999,1,0,0
6,7,999,0,1,0
0,1,999,1,0,0
1,2,999,1,0,0
2,3,999,1,0,0
3,4,999,0,1,0
0,1,999,1,0,0
1,2,999,1,0,0
2,3,999,1,0,0
3,4,999,1,0,0
4,5,999,1,0,0
5,6,999,1,0,0
6,7,999,0,1,0
0,1,999,1,0,0
1,2,999,1,0,0
2,3,999,1,0,0
3,4,999,1,0,0
4,5,999,1,0,0
5,6,999,1,0,0
6,7,999,0,1,0
0,1,999,1,0,0
1,2,999,1,0,12
2,3,998,2,0,15
3,4,996,4,0,16
4,5,995,4,1,9
5,6,994,4,2,17
6,7,990,6,4,13
7,8,989,7,4,14
8,9,989,6,5,0
9,10,989,6,5,12
10,11,988,5,7,0
11,12,988,3,9,0
12,13,988,2,10,0
13,14,988,1,11,0
14,15,988,0,12,0
0,1,999,1,0,0
1,2,999,1,0,0
2,3,999,1,0,0
3,4,999,1,0,0
4,5,999,1,0,0
5,6,999,1,0,0
6,7,999,1,0,0
7,8,999,0,1,0
0,1,999,1,0,0
1,2,999,1,0,0
2,3,999,1,0,0
3,4,999,1,0,0
4,5,999,1,0,19
5,6,996,3,1,1
6,7,996,3,1,0
7,8,996,3,1,0
8,9,996,3,1,0
9,10,996,2,2,0
10,11,996,1,3,0
11,12,996,1,3,0
12,13,996,1,3,0
13,14,996,1,3,15
14,15,992,5,3,0
15,16,992,4,4,0
16,17,992,4,4,0
17,18,992,3,5,10
18,19,991,3,6,0
19,20,991,2,7,0
20,21,991,1,8,0
21,22,991,1,8,0
22,23,991,0,9,0
0,1,999,1,0,0
1,2,999,1,0,0
2,3,999,1,0,0
3,4,999,1,0,0
4,5,999,0,1,0
0,1,999,1,0,0
1,2,999,1,0,0
2,3,999,1,0,0
3,4,999,0,1,0
0,1,999,1,0,0
1,2,999,1,0,0
2,3,999,1,0,0
3,4,999,0,1,0
0,1,999,1,0,0
1,2,999,1,0,0
2,3,999,1,0,0
3,4,999,0,1,0
0,1,999,1,0,0
1,2,999,1,0,0
2,3,999,1,0,0
3,4,999,0,1,0
0,1,999,1,0,0
1,2,999,1,0,0
2,3,999,1,0,0
3,4,999,0,1,0
0,1,999,1,0,0
1,2,999,1,0,0
2,3,999,1,0,0
3,4,999,1,0,0
4,5,999,0,1,0
0,1,999,1,0,0
1,2,999,1,0,0
2,3,999,1,0,0
3,4,999,1,0,0
4,5,999,1,0,0
5,6,999,1,0,0
6,7,999,0,1,0
0,1,999,1,0,0
1,2,999,1,0,0
2,3,999,1,0,0
3,4,999,0,1,0
0,1,999,1,0,0
1,2,999,1,0,0
2,3,999,1,0,0
3,4,999,1,0,0
4,5,999,0,1,0
0,1,999,1,0,0
1,2,999,1,0,0
2,3,999,1,0,0
3,4,999,1,0,0
4,5,999,1,0,0
5,6,999,0,1,0
0,1,999,1,0,0
1,2,999,1,0,0
2,3,999,1,0,0
3,4,999,1,0,0
4,5,999,1,0,0
5,6,999,0,1,0
0,1,999,1,0,0
1,2,999,1,0,0
2,3,999,1,0,0
3,4,999,1,0,0
4,5,999,0,1,0
0,1,999,1,0,0
1,2,999,1,0,0
2,3,999,1,0,0
3,4,999,1,0,0
4,5,999,1,0,0
5,6,999,0,1,0
0,1,999,1,0,0
1,2,999,1,0,0
2,3,999,1,0,0
3,4,999,1,0,0
4,5,999,0,1,0
0,1,999,1,0,0
1,2,999,1,0,0
2,3,999,1,0,0
3,4,999,0,1,0
0,1,999,1,0,0
1,2,999,1,0,0
2,3,999,1,0,0
3,4,999,1,0,0
4,5,999,0,1,0
0,1,999,1,0,0
1,2,999,1,0,0
2,3,999,1,0,0
3,4,999,1,0,0
4,5,999,0,1,0
0,1,999,1,0,0
1,2,999,1,0,0
2,3,999,1,0,0
3,4,999,1,0,0
4,5,999,0,1,0
0,1,999,1,0,0
1,2,999,1,0,0
2,3,999,1,0,0
3,4,999,1,0,0
4,5,999,0,1,0
0,1,999,1,0,0
1,2,999,1,0,0
2,3,999,1,0,0
3,4,999,0,1,0
0,1,999,1,0,0
1,2,999,1,0,0
2,3,999,1,0,0
3,4,999,1,0,0
4,5,999,1,0,0
5,6,999,1,0,0
6,7,999,1,0,0
7,8,999,1,0,0
8,9,999,0,1,0
0,1,999,1,0,0
1,2,999,1,0,0
2,3,999,1,0,0
3,4,999,1,0,0
4,5,999,1,0,0
5,6,999,1,0,0
6,7,999,0,1,0
0,1,999,1,0,0
1,2,999,1,0,0
2,3,999,1,0,0
3,4,999,0,1,0
0,1,999,1,0,0
1,2,999,1,0,0
2,3,999,1,0,0
3,4,999,1,0,0
4,5,999,0,1,0
0,1,999,1,0,0
1,2,999,1,0,0
2,3,999,1,0,0
3,4,999,1,0,0
4,5,999,0,1,0
0,1,999,1,0,0
1,2,999,1,0,0
2,3,999,1,0,0
3,4,999,1,0,15
4,5,998,1,1,0
5,6,998,1,1,0
6,7,998,1,1,21
7,8,996,3,1,15
8,9,995,4,1,0
9,10,995,3,2,0
10,11,995,1,4,0
11,12,995,1,4,0
12,13,995,0,5,0
0,1,999,1,0,0
1,2,999,1,0,0
2,3,999,1,0,0
3,4,999,0,1,0
0,1,999,1,0,0
1,2,999,1,0,0
2,3,999,1,0,0
3,4,999,1,0,0
4,5,999,0,1,0
0,1,999,1,0,0
1,2,999,1,0,0
2,3,999,1,0,0
3,4,999,0,1,0
0,1,999,1,0,0
1,2,999,1,0,0
2,3,999,1,0,0
3,4,999,1,0,0
4,5,999,0,1,0
0,1,999,1,0,0
1,2,999,1,0,23
2,3,997,3,0,0
3,4,997,3,0,0
4,5,997,3,0,0
5,6,997,2,1,18
6,7,995,2,3,18
7,8,992,5,3,3
8,9,991,6,3,0
9,10,991,4,5,0
10,11,991,3,6,18
11,12,991,1,8,0
12,13,991,1,8,0
13,14,991,0,9,0
0,1,999,1,0,0
1,2,999,1,0,0
2,3,999,1,0,0
3,4,999,0,1,0
0,1,999,1,0,0
1,2,999,1,0,0
2,3,999,1,0,0
3,4,999,1,0,0
4,5,999,1,0,0
5,6,999,0,1,0
0,1,999,1,0,0
1,2,999,1,0,0
2,3,999,1,0,0
3,4,999,1,0,0
4,5,999,1,0,0
5,6,999,1,0,0
6,7,999,0,1,0
0,1,999,1,0,0
1,2,999,1,0,0
2,3,999,1,0,0
3,4,999,1,0,0
4,5,999,0,1,0
0,1,999,1,0,0
1,2,999,1,0,0
2,3,999,1,0,0
3,4,999,1,0,0
4,5,999,0,1,0
0,1,999,1,0,0
1,2,999,1,0,0
2,3,999,1,0,0
3,4,999,1,0,0
4,5,999,0,1,0
0,1,999,1,0,0
1,2,999,1,0,0
2,3,999,1,0,0
3,4,999,0,1,0
0,1,999,1,0,0
1,2,999,1,0,0
2,3,999,1,0,0
3,4,999,1,0,0
4,5,999,1,0,0
5,6,999,0,1,0
0,1,999,1,0,0
1,2,999,1,0,0
2,3,999,1,0,0
3,4,999,1,0,0
4,5,999,0,1,0
0,1,999,1,0,0
1,2,999,1,0,0
2,3,999,1,0,0
3,4,999,0,1,0
0,1,999,1,0,0
1,2,999,1,0,0
2,3,999,1,0,0
3,4,999,0,1,0
0,1,999,1,0,0
1,2,999,1,0,0
2,3,999,1,0,0
3,4,999,1,0,0
4,5,999,0,1,0
0,1,999,1,0,0
1,2,999,1,0,0
2,3,999,1,0,0
3,4,999,1,0,0
4,5,999,1,0,0
5,6,999,1,0,0
6,7,999,0,1,0
0,1,999,1,0,0
1,2,999,1,0,0
2,3,999,1,0,0
3,4,999,0,1,0
0,1,999,1,0,0
1,2,999,1,0,0
2,3,999,1,0,0
3,4,999,1,0,0
4,5,999,1,0,0
5,6,999,1,0,0
6,7,999,0,1,0
0,1,999,1,0,0
1,2,999,1,0,0
2,3,999,1,0,0
3,4,999,1,0,0
4,5,999,0,1,0
0,1,999,1,0,0
1,2,999,1,0,0
2,3,999,1,0,0
3,4,999,1,0,0
4,5,999,0,1,0
0,1,999,1,0,0
1,2,999,1,0,0
2,3,999,1,0,0
3,4,999,1,0,0
4,5,999,0,1,0
0,1,999,1,0,0
1,2,999,1,0,0
2,3,999,1,0,0
3,4,999,0,1,0
0,1,999,1,0,0
1,2,999,1,0,0
2,3,999,1,0,0
3,4,999,1,0,0
4,5,999,1,0,0
5,6,999,0,1,0
0,1,999,1,0,0
1,2,999,1,0,0
2,3,999,1,0,0
3,4,999,0,1,0
0,1,999,1,0,0
1,2,999,1,0,0
2,3,999,1,0,0
3,4,999,1,0,0
4,5,999,0,1,0
0,1,999,1,0,0
1,2,999,1,0,0
2,3,999,1,0,0
3,4,999,0,1,0
0,1,999,1,0,0
1,2,999,1,0,0
2,3,999,1,0,0
3,4,999,1,0,0
4,5,999,1,0,0
5,6,999,0,1,0
0,1,999,1,0,0
1,2,999,1,0,0
2,3,999,1,0,0
3,4,999,1,0,0
4,5,999,1,0,0
5,6,999,0,1,0
0,1,999,1,0,0
1,2,999,1,0,0
2,3,999,1,0,0
3,4,999,1,0,0
4,5,999,0,1,0
0,1,999,1,0,0
1,2,999,1,0,0
2,3,999,1,0,0
3,4,999,0,1,0
0,1,999,1,0,0
1,2,999,1,0,0
2,3,999,1,0,0
3,4,999,1,0,0
4,5,999,0,1,0
0,1,999,1,0,0
1,2,999,1,0,0
2,3,999,1,0,0
3,4,999,1,0,0
4,5,999,1,0,0
5,6,999,1,0,0
6,7,999,0,1,0
0,1,999,1,0,0
1,2,999,1,0,0
2,3,999,1,0,0
3,4,999,0,1,0
0,1,999,1,0,0
1,2,999,1,0,0
2,3,999,1,0,0
3,4,999,1,0,0
4,5,999,0,1,0
0,1,999,1,0,0
1,2,999,1,0,0
2,3,999,1,0,0
3,4,999,1,0,0
4,5,999,1,0,0
5,6,999,0,1,0
0,1,999,1,0,0
1,2,999,1,0,0
2,3,999,1,0,0
3,4,999,1,0,0
4,5,999,1,0,0
5,6,999,0,1,0
0,1,999,1,0,0
1,2,999,1,0,0
2,3,999,1,0,0
3,4,999,1,0,0
4,5,999,1,0,0
5,6,999,1,0,0
6,7,999,1,0,0
7,8,999,1,0,0
8,9,999,0,1,0
0,1,999,1,0,0
1,2,999,1,0,0
2,3,999,1,0,0
3,4,999,0,1,0
0,1,999,1,0,0
1,2,999,1,0,0
2,3,999,1,0,0
3,4,999,1,0,0
4,5,999,0,1,0
0,1,999,1,0,0
1,2,999,1,0,0
2,3,999,1,0,0
3,4,999,1,0,0
4,5,999,1,0,0
5,6,999,0,1,0
0,1,999,1,0,0
1,2,999,1,0,0
2,3,999,1,0,0
3,4,999,1,0,0
4,5,999,1,0,0
5,6,999,0,1,0
0,1,999,1,0,0
1,2,999,1,0,0
2,3,999,1,0,0
3,4,999,1,0,0
4,5,999,0,1,0
0,1,999,1,0,0
1,2,999,1,0,0
2,3,999,1,0,0
3,4,999,1,0,0
4,5,999,1,0,0
5,6,999,0,1,0
0,1,999,1,0,0
1,2,999,1,0,0
2,3,999,1,0,17
3,4,999,0,1,0
0,1,999,1,0,0
1,2,999,1,0,0
2,3,999,1,0,0
3,4,999,0,1,0
0,1,999,1,0,0
1,2,999,1,0,0
2,3,999,1,0,0
3,4,999,0,1,0
0,1,999,1,0,0
1,2,999,1,0,0
2,3,999,1,0,0
3,4,999,1,0,0
4,5,999,0,1,0
0,1,999,1,0,0
1,2,999,1,0,0
2,3,999,1,0,0
3,4,999,1,0,0
4,5,999,0,1,0
0,1,999,1,0,0
1,2,999,1,0,0
2,3,999,1,0,0
3,4,999,0,1,0
0,1,999,1,0,0
1,2,999,1,0,0
2,3,999,1,0,0
3,4,999,0,1,0
0,1,999,1,0,0
1,2,999,1,0,0
2,3,999,1,0,0
3,4,999,1,0,0
4,5,999,1,0,0
5,6,999,1,0,0
6,7,999,1,0,0
7,8,999,1,0,0
8,9,999,0,1,0
0,1,999,1,0,0
1,2,999,1,0,0
2,3,999,1,0,0
3,4,999,0,1,0
0,1,999,1,0,0
1,2,999,1,0,0
2,3,999,1,0,0
3,4,999,1,0,0
4,5,999,0,1,0
0,1,999,1,0,0
1,2,999,1,0,0
2,3,999,1,0,0
3,4,999,0,1,0
0,1,999,1,0,0
1,2,999,1,0,0
2,3,999,1,0,0
3,4,999,1,0,0
4,5,999,0,1,0
0,1,999,1,0,0
1,2,999,1,0,0
2,3,999,1,0,0
3,4,999,1,0,0
4,5,999,0,1,0
0,1,999,1,0,0
1,2,999,1,0,0
2,3,999,1,0,0
3,4,999,0,1,0
0,1,999,1,0,0
1,2,999,1,0,0
2,3,999,1,0,0
3,4,999,0,1,0
0,1,999,1,0,0
1,2,999,1,0,0
2,3,999,1,0,0
3,4,999,1,0,0
4,5,999,1,0,0
5,6,999,0,1,0
0,1,999,1,0,13
1,2,998,2,0,10
2,3,996,4,0,22
3,4,991,9,0,26
4,5,988,12,0,11
5,6,988,10,2,15
6,7,985,11,4,0
7,8,985,8,7,24
8,9,983,9,8,5
9,10,983,8,9,13
10,11,983,5,12,13
11,12,982,5,13,18
12,13,980,5,15,6
13,14,979,5,16,29
14,15,976,7,17,14
15,16,975,8,17,21
16,17,971,8,21,0
17,18,971,5,24,0
18,19,971,5,24,19
19,20,970,4,26,12
20,21,967,6,27,12
21,22,967,6,27,39
22,23,966,5,29,0
23,24,966,4,30,0
24,25,966,2,32,0
25,26,966,1,33,21
26,27,963,4,33,0
27,28,963,3,34,0
28,29,963,3,34,0
29,30,963,3,34,20
30,31,961,3,36,0
31,32,961,2,37,0
32,33,961,2,37,0
33,34,961,0,39,0
0,1,999,1,0,0
1,2,999,1,0,0
2,3,999,1,0,0
3,4,999,1,0,0
4,5,999,0,1,0
0,1,999,1,0,0
1,2,999,1,0,0
2,3,999,1,0,0
3,4,999,1,0,0
4,5,999,0,1,0
0,1,999,1,0,0
1,2,999,1,0,0
2,3,999,1,0,0
3,4,999,1,0,0
4,5,999,1,0,0
5,6,999,0,1,0
0,1,999,1,0,0
1,2,999,1,0,0
2,3,999,1,0,0
3,4,999,1,0,0
4,5,999,0,1,0
0,1,999,1,0,0
1,2,999,1,0,0
2,3,999,1,0,0
3,4,999,1,0,0
4,5,999,1,0,0
5,6,999,0,1,0
0,1,999,1,0,0
1,2,999,1,0,0
2,3,999,1,0,0
3,4,999,0,1,0
0,1,999,1,0,0
1,2,999,1,0,0
2,3,999,1,0,0
3,4,999,1,0,0
4,5,999,0,1,0
0,1,999,1,0,0
1,2,999,1,0,0
2,3,999,1,0,0
3,4,999,1,0,0
4,5,999,0,1,0
0,1,999,1,0,0
1,2,999,1,0,0
2,3,999,1,0,0
3,4,999,1,0,0
4,5,999,1,0,0
5,6,999,1,0,0
6,7,999,0,1,0
